<TICKER>,<DTYYYYMMDD>,<FIRST>,<HIGH>,<LOW>,<CLOSE>,<VALUE>,<VOL>,<OPENINT>,<PER>,<OPEN>
shabendar,20161207,4780.0,4780.0,4692.0,4727.0,7759205267,1644404,378,D,4753.0
shabendar,20161206,4743.0,4829.0,4720.0,4753.0,10025102609,2108712,379,D,4707.0
shabendar,20161205,4720.0,4770.0,4690.0,4707.0,10544624131,2240421,472,D,4774.0
shabendar,20161204,4880.0,4880.0,4720.0,4774.0,11911872362,2495142,694,D,4881.0
shabendar,20161203,4904.0,4904.0,4782.0,4881.0,54710332950,11207767,1656,D,4671.0
shabendar,20161129,4666.0,4727.0,4641.0,4671.0,7002910866,1499150,523,D,4671.0
shabendar,20161127,4698.0,4698.0,4647.0,4671.0,8155728039,1746655,481,D,4677.0
shabendar,20161126,4705.0,4710.0,4651.0,4677.0,10274431468,2196777,554,D,4746.0
shabendar,20161123,4769.0,4799.0,4700.0,4746.0,14030631215,2956482,507,D,4723.0
shabendar,20161122,4800.0,4830.0,4699.0,4723.0,28095359658,5949000,852,D,4716.0
shabendar,20161121,4718.0,4820.0,4691.0,4716.0,12299384179,2609758,524,D,4691.0
shabendar,20161119,4750.0,4768.0,4675.0,4691.0,10979674176,2340537,634,D,4746.0
shabendar,20161116,4812.0,4812.0,4690.0,4746.0,10252545159,2160323,523,D,4799.0
shabendar,20161115,4856.0,4890.0,4730.0,4799.0,8348637230,1744104,434,D,4852.0
shabendar,20161114,4749.0,4900.0,4720.0,4852.0,15370639470,3167850,636,D,4720.0
shabendar,20161113,4700.0,4765.0,4664.0,4720.0,11254068749,2384376,568,D,4718.0
shabendar,20161112,4799.0,4838.0,4630.0,4718.0,16361000525,3467630,671,D,4696.0
shabendar,20161109,4673.0,4840.0,4673.0,4696.0,35481957280,7555233,1507,D,4918.0
shabendar,20161108,4977.0,5000.0,4860.0,4918.0,10697927300,2175307,500,D,4940.0
shabendar,20161107,4921.0,4990.0,4901.0,4940.0,9648936224,1953108,439,D,4867.0
shabendar,20161106,4800.0,4939.0,4800.0,4867.0,11475994239,2357847,631,D,4866.0
shabendar,20161105,5020.0,5020.0,4824.0,4866.0,31631188763,6500717,1839,D,5077.0
shabendar,20161102,5062.0,5133.0,5050.0,5077.0,22334294590,4398982,948,D,5089.0
shabendar,20161101,5190.0,5190.0,5055.0,5089.0,23778323916,4672933,1232,D,5219.0
shabendar,20161031,5260.0,5344.0,5150.0,5219.0,28884799249,5534905,1159,D,5265.0
shabendar,20161030,5182.0,5310.0,5181.0,5265.0,27759712046,5272904,1058,D,5247.0
shabendar,20161029,5229.0,5330.0,5157.0,5247.0,40652957675,7748412,1551,D,5245.0
shabendar,20161026,5195.0,5340.0,5140.0,5245.0,29633699090,5650270,1181,D,5171.0
shabendar,20161025,5250.0,5250.0,5130.0,5171.0,19027996966,3679793,905,D,5265.0
shabendar,20161024,5210.0,5381.0,5151.0,5265.0,68869023511,13081614,2276,D,5163.0
shabendar,20161023,5219.0,5268.0,5080.0,5163.0,33999129973,6584867,1172,D,5176.0
shabendar,20161022,5020.0,5229.0,4950.0,5176.0,54504151580,10530168,1847,D,4989.0
shabendar,20161019,5040.0,5050.0,4950.0,4989.0,19124185387,3833281,911,D,5008.0
shabendar,20161018,5055.0,5119.0,4965.0,5008.0,19146553561,3823190,861,D,5054.0
shabendar,20161017,5050.0,5111.0,5000.0,5054.0,20013354243,3960223,965,D,5050.0
shabendar,20161016,5150.0,5150.0,4990.0,5050.0,33773879472,6687991,1260,D,5195.0
shabendar,20161015,5099.0,5279.0,5058.0,5195.0,82830160584,15943822,2597,D,5039.0
shabendar,20161010,4970.0,5100.0,4925.0,5039.0,47616100520,9448944,1021,D,4995.0
shabendar,20161009,5090.0,5090.0,4950.0,4995.0,15143417786,3031420,648,D,5078.0
shabendar,20161008,4949.0,5110.0,4940.0,5078.0,99389975037,19572169,2656,D,4867.0
shabendar,20161005,4900.0,4900.0,4848.0,4867.0,15524717765,3189971,626,D,4932.0
shabendar,20161004,4900.0,5036.0,4880.0,4932.0,24844506862,5037053,717,D,4905.0
shabendar,20161003,4930.0,4942.0,4853.0,4905.0,20418004010,4162744,794,D,4909.0
shabendar,20161002,5000.0,5000.0,4880.0,4909.0,12731794063,2593512,584,D,5004.0
shabendar,20161001,4994.0,5037.0,4940.0,5004.0,41926275626,8377717,1368,D,4798.0
shabendar,20160928,4772.0,4896.0,4770.0,4798.0,14494875143,3020821,805,D,4802.0
shabendar,20160927,4900.0,4936.0,4760.0,4802.0,21818826612,4543445,882,D,4865.0
shabendar,20160926,4952.0,5048.0,4803.0,4865.0,21335354108,4385332,863,D,5005.0
shabendar,20160925,4920.0,5060.0,4920.0,5005.0,24355110075,4866167,915,D,4933.0
shabendar,20160924,4830.0,4990.0,4830.0,4933.0,20195278578,4093632,580,D,4851.0
shabendar,20160921,4848.0,4900.0,4800.0,4851.0,13068213556,2694007,494,D,4844.0
shabendar,20160919,4870.0,4985.0,4810.0,4844.0,8092528099,1669997,410,D,4838.0
shabendar,20160918,4844.0,4900.0,4795.0,4838.0,10557471694,2182375,448,D,4798.0
shabendar,20160917,4812.0,4863.0,4759.0,4798.0,9368180997,1953416,400,D,4841.0
shabendar,20160914,4780.0,4970.0,4710.0,4841.0,26583632659,5490824,759,D,4781.0
shabendar,20160913,4867.0,4867.0,4741.0,4781.0,13914150499,2910315,503,D,4863.0
shabendar,20160911,4882.0,4883.0,4821.0,4863.0,7979385486,1645226,392,D,4924.0
shabendar,20160910,4933.0,4950.0,4810.0,4924.0,28546950470,5797722,824,D,5053.0
shabendar,20160907,5098.0,5141.0,4898.0,5053.0,107088887685,21193279,1615,D,4911.0
shabendar,20160906,4770.0,4931.0,4731.0,4911.0,38949453731,7930425,946,D,4697.0
shabendar,20160905,4620.0,4749.0,4551.0,4697.0,17903818967,3812122,840,D,4636.0
shabendar,20160904,4780.0,4780.0,4610.0,4636.0,42914355360,9257083,1637,D,4852.0
shabendar,20160903,4864.0,4924.0,4782.0,4852.0,8578177047,1771786,531,D,4924.0
shabendar,20160831,4994.0,5000.0,4860.0,4924.0,9826264647,1995560,484,D,4966.0
shabendar,20160830,4989.0,5036.0,4890.0,4966.0,6131868228,1238435,382,D,4989.0
shabendar,20160829,4900.0,5050.0,4890.0,4989.0,18242326693,3656370,751,D,4936.0
shabendar,20160828,5000.0,5067.0,4895.0,4936.0,13224402276,2679091,666,D,4964.0
shabendar,20160827,5049.0,5049.0,4900.0,4964.0,17887366979,3603258,970,D,5010.0
shabendar,20160824,5079.0,5120.0,4980.0,5010.0,17558971603,3504454,862,D,5045.0
shabendar,20160823,5139.0,5139.0,4990.0,5045.0,16540892518,3278489,818,D,5100.0
shabendar,20160822,5199.0,5199.0,5051.0,5100.0,20395374617,3998759,981,D,5266.0
shabendar,20160821,5310.0,5400.0,5120.0,5266.0,71115339880,13505054,2269,D,5214.0
shabendar,20160820,5070.0,5260.0,5010.0,5214.0,59967608871,11501077,1698,D,5010.0
shabendar,20160817,5000.0,5079.0,4931.0,5010.0,11330410590,2261613,613,D,4986.0
shabendar,20160816,4998.0,5081.0,4901.0,4986.0,19446325775,3900265,821,D,5066.0
shabendar,20160815,5198.0,5198.0,4993.0,5066.0,17181760405,3391864,847,D,5214.0
shabendar,20160814,5172.0,5300.0,5113.0,5214.0,36200281274,6942859,1249,D,5071.0
shabendar,20160813,5060.0,5200.0,4963.0,5071.0,51763840407,10207599,1660,D,5047.0
shabendar,20160810,5220.0,5230.0,4946.0,5047.0,45765438418,9068628,2025,D,5205.0
shabendar,20160809,5183.0,5323.0,5170.0,5205.0,68814877632,13220795,1953,D,5183.0
shabendar,20160808,5270.0,5290.0,5110.0,5183.0,53190165683,10263314,1508,D,5352.0
shabendar,20160807,5400.0,5540.0,5200.0,5352.0,87877660764,16418575,2222,D,5367.0
shabendar,20160806,5270.0,5540.0,5203.0,5367.0,172851176147,32205180,3648,D,5349.0
shabendar,20160803,5205.0,5374.0,5201.0,5349.0,143233657156,26776091,2205,D,5119.0
shabendar,20160802,4939.0,5157.0,4931.0,5119.0,142039534567,27749759,3177,D,4912.0
shabendar,20160801,4921.0,4969.0,4867.0,4912.0,23272381531,4737936,795,D,5069.0
shabendar,20160731,5020.0,5219.0,4918.0,5069.0,85414880530,16849437,2034,D,5017.0
shabendar,20160727,4781.0,5053.0,4781.0,5017.0,177106329118,35304108,3355,D,4813.0
shabendar,20160726,4740.0,4866.0,4630.0,4813.0,69435051298,14425151,1265,D,4771.0
shabendar,20160725,4600.0,4878.0,4559.0,4771.0,61910101503,12975001,1785,D,4654.0
shabendar,20160724,4689.0,4689.0,4599.0,4654.0,29750360320,6392196,623,D,4560.0
shabendar,20160718,4701.0,4900.0,4564.0,4760.0,94155847602,19782584,1653,D,4804.0
shabendar,20160717,4790.0,4811.0,4738.0,4804.0,108902837204,22670287,1981,D,4582.0
shabendar,20160716,4327.0,4638.0,4300.0,4582.0,106456094753,23234370,2376,D,4418.0
shabendar,20160713,4320.0,4475.0,4289.0,4418.0,23638457827,5350717,556,D,4431.0
shabendar,20160712,4399.0,4489.0,4272.0,4431.0,39356276006,8882219,680,D,4401.0
shabendar,20160711,4370.0,4456.0,4270.0,4401.0,37755311844,8579035,833,D,4369.0
shabendar,20160710,4332.0,4487.0,4300.0,4369.0,11094385397,2539503,522,D,4420.0
shabendar,20160709,4480.0,4500.0,4349.0,4420.0,9783091270,2213866,468,D,4471.0
shabendar,20160705,4405.0,4548.0,4405.0,4471.0,10395331307,2324800,373,D,4461.0
shabendar,20160704,4400.0,4550.0,4370.0,4461.0,20939339211,4693594,829,D,4401.0
shabendar,20160703,4436.0,4450.0,4377.0,4401.0,24440427329,5553581,851,D,4436.0
shabendar,20160702,4420.0,4530.0,4405.0,4436.0,18991399738,4281284,693,D,4431.0
shabendar,20160629,4500.0,4538.0,4400.0,4431.0,18953705516,4277496,791,D,4559.0
shabendar,20160628,4601.0,4680.0,4480.0,4559.0,26012987946,5706422,1167,D,4608.0
shabendar,20160626,4600.0,4651.0,4490.0,4608.0,19449875216,4221031,460,D,4560.0
shabendar,20160625,4570.0,4650.0,4512.0,4560.0,15904988584,3488203,619,D,4749.0
shabendar,20160622,4649.0,4800.0,4648.0,4749.0,13833876777,2913145,545,D,4584.0
shabendar,20160621,4351.0,4644.0,4351.0,4584.0,24523865925,5350428,703,D,4423.0
shabendar,20160620,4445.0,4479.0,4321.0,4423.0,9277782097,2098946,441,D,4509.0
shabendar,20160619,4552.0,4600.0,4442.0,4509.0,14308038228,3173160,614,D,4674.0
shabendar,20160618,4665.0,4731.0,4525.0,4674.0,22846758840,4887939,521,D,4639.0
shabendar,20160615,4560.0,4695.0,4412.0,4639.0,37947952041,8179685,680,D,4559.0
shabendar,20160614,4590.0,4655.0,4509.0,4559.0,13620789044,2987737,617,D,4746.0
shabendar,20160613,4659.0,4808.0,4550.0,4746.0,40400383640,8512348,658,D,4714.0
shabendar,20160612,4660.0,4787.0,4525.0,4714.0,44105922680,9356096,653,D,4674.0
shabendar,20160611,4880.0,4880.0,4655.0,4674.0,33663819030,7202556,873,D,4900.0
shabendar,20160605,4880.0,5000.0,4873.0,4900.0,1249336869,251275,51,D,4890.0
shabendar,20160601,4880.0,4936.0,4860.0,4890.0,8527520376,1746057,407,D,4941.0
shabendar,20160531,4900.0,4980.0,4850.0,4941.0,5319345999,1084384,378,D,4984.0
shabendar,20160530,4950.0,5075.0,4830.0,4984.0,40631588253,8153032,599,D,4976.0
shabendar,20160529,5100.0,5101.0,4910.0,4976.0,18458264196,3709774,799,D,5162.0
shabendar,20160528,5100.0,5226.0,4970.0,5162.0,94174700642,18245168,1613,D,5074.0
shabendar,20160525,4901.0,5118.0,4900.0,5074.0,77156700302,15207415,2648,D,4950.0
shabendar,20160524,4811.0,5030.0,4810.0,4950.0,47876151992,9671814,1052,D,4884.0
shabendar,20160523,4799.0,4954.0,4771.0,4884.0,17063479220,3493910,898,D,4825.0
shabendar,20160521,4900.0,4940.0,4780.0,4825.0,16230112868,3363937,830,D,4949.0
shabendar,20160518,5040.0,5070.0,4799.0,4949.0,47685448956,9636083,1826,D,4927.0
shabendar,20160517,4815.0,4935.0,4815.0,4927.0,58931067707,11961783,1438,D,4700.0
shabendar,20160516,4530.0,4754.0,4525.0,4700.0,42241114752,8986753,1029,D,4616.0
shabendar,20160515,4620.0,4696.0,4500.0,4616.0,42648133537,9238638,889,D,4618.0
shabendar,20160514,4610.0,4698.0,4562.0,4618.0,12375894532,2680035,725,D,4590.0
shabendar,20160511,4651.0,4690.0,4550.0,4590.0,30483892574,6641260,953,D,4750.0
shabendar,20160510,4700.0,4845.0,4601.0,4750.0,57882539071,12186166,1079,D,4755.0
shabendar,20160509,4758.0,4850.0,4704.0,4755.0,14212246173,2989047,592,D,4743.0
shabendar,20160508,4721.0,4795.0,4700.0,4743.0,18024828792,3800629,799,D,4854.0
shabendar,20160507,4880.0,4982.0,4641.0,4854.0,68325684778,14074977,1286,D,4885.0
shabendar,20160504,4860.0,4987.0,4741.0,4885.0,46814662689,9582471,1094,D,4842.0
shabendar,20160503,4903.0,4903.0,4800.0,4842.0,26742754953,5523532,1234,D,4975.0
shabendar,20160502,4990.0,5013.0,4860.0,4975.0,83433285134,16768919,1181,D,5013.0
shabendar,20160501,5100.0,5100.0,4911.0,5013.0,28498246759,5684552,1122,D,5100.0
shabendar,20160430,5075.0,5190.0,5006.0,5100.0,46494541283,9117173,1678,D,4965.0
shabendar,20160427,4960.0,5020.0,4907.0,4965.0,21820262205,4394614,1038,D,4907.0
shabendar,20160426,4920.0,5000.0,4841.0,4907.0,29434068952,5998810,1524,D,5068.0
shabendar,20160425,5181.0,5220.0,5000.0,5068.0,40677212956,8026924,1676,D,5127.0
shabendar,20160424,4999.0,5250.0,4821.0,5127.0,77606521107,15137091,2608,D,5036.0
shabendar,20160423,5061.0,5140.0,4961.0,5036.0,50339289127,9995541,1644,D,5008.0
shabendar,20160420,4987.0,5033.0,4910.0,5008.0,91071195728,18183344,1945,D,4794.0
shabendar,20160419,4701.0,4908.0,4648.0,4794.0,59881367207,12491537,1919,D,4675.0
shabendar,20160418,4650.0,4845.0,4571.0,4675.0,66395227792,14201581,2086,D,4684.0
shabendar,20160417,4650.0,4819.0,4650.0,4684.0,72480224163,15473899,2023,D,4894.0
shabendar,20160416,5050.0,5080.0,4814.0,4894.0,12815718222,2618464,559,D,5067.0
shabendar,20160413,5130.0,5230.0,4925.0,5067.0,113469824089,22394134,2808,D,5006.0
shabendar,20160412,5017.0,5098.0,4980.0,5006.0,50817374957,10151334,1502,D,4981.0
shabendar,20160411,5100.0,5100.0,4882.0,4981.0,35136918077,7054149,1627,D,5020.0
shabendar,20160410,5150.0,5159.0,4950.0,5020.0,56636146788,11281011,1818,D,5175.0
shabendar,20160409,5239.0,5275.0,5070.0,5175.0,56991187072,11012920,2257,D,5031.0
shabendar,20160406,5159.0,5160.0,4960.0,5031.0,72382632721,14387688,2958,D,5134.0
shabendar,20160405,5099.0,5276.0,4911.0,5134.0,107876086822,21011077,4624,D,5071.0
shabendar,20160404,5160.0,5250.0,5014.0,5071.0,150779788521,29732860,4723,D,5277.0
shabendar,20160403,5360.0,5450.0,5237.0,5277.0,21825853537,4136066,674,D,5512.0
shabendar,20160402,5600.0,5720.0,5321.0,5512.0,202678685956,36768901,5508,D,5489.0
shabendar,20160309,5399.0,5600.0,5301.0,5489.0,194125309220,35366511,4148,D,5351.0
shabendar,20160308,5195.0,5385.0,5155.0,5351.0,275463620943,51476833,4599,D,5129.0
shabendar,20160307,5140.0,5297.0,5000.0,5129.0,147774363797,28812765,3683,D,5167.0
shabendar,20160306,5270.0,5298.0,5065.0,5167.0,278804902442,53955554,5749,D,5091.0
shabendar,20160305,5085.0,5094.0,5001.0,5091.0,132791655936,26085762,1547,D,4852.0
shabendar,20160302,4869.0,5000.0,4731.0,4852.0,103817363526,21398723,2586,D,4804.0
shabendar,20160301,4661.0,4888.0,4649.0,4804.0,213351848399,44413082,4463,D,4658.0
shabendar,20160229,4898.0,4950.0,4527.0,4658.0,286145616478,61431467,6274,D,4765.0
shabendar,20160228,4828.0,4828.0,4623.0,4765.0,553659366510,116199191,6665,D,4599.0
shabendar,20160227,4589.0,4605.0,4560.0,4599.0,48175032828,10474676,594,D,4386.0
shabendar,20160224,4230.0,4437.0,4173.0,4386.0,225581282488,51430329,3533,D,4226.0
shabendar,20160223,4247.0,4247.0,4120.0,4226.0,168886206024,39964102,3290,D,4045.0
shabendar,20160222,4045.0,4045.0,4005.0,4045.0,135623470769,33529240,1477,D,3853.0
shabendar,20160221,3760.0,3942.0,3610.0,3853.0,58292281474,15130972,1626,D,3755.0
shabendar,20160220,3880.0,3960.0,3716.0,3755.0,54515071144,14518121,2007,D,3911.0
shabendar,20160217,3853.0,3990.0,3772.0,3911.0,37399505521,9562577,1482,D,3892.0
shabendar,20160216,4119.0,4119.0,3839.0,3892.0,55852231950,14351621,2065,D,4041.0
shabendar,20160215,3851.0,4140.0,3851.0,4041.0,98055322729,24263522,2740,D,4003.0
shabendar,20160214,4050.0,4158.0,3960.0,4003.0,51885340385,12960305,1373,D,4168.0
shabendar,20160213,4300.0,4400.0,4108.0,4168.0,40909950296,9815934,1425,D,4324.0
shabendar,20160210,4155.0,4500.0,4130.0,4324.0,111099220704,25695976,3056,D,4324.0
shabendar,20160209,4335.0,4335.0,4050.0,4324.0,191896290379,44376369,2490,D,4129.0
shabendar,20160208,4020.0,4135.0,4010.0,4129.0,122353389350,29629104,2590,D,3939.0
shabendar,20160207,3890.0,3955.0,3810.0,3939.0,106489769719,27034813,3187,D,3767.0
shabendar,20160206,3740.0,3816.0,3652.0,3767.0,132211590751,35098776,2984,D,3635.0
shabendar,20160203,3635.0,3635.0,3635.0,3635.0,176871735490,48657974,1579,D,3462.0
shabendar,20160202,3463.0,3463.0,3463.0,3462.0,11102925154,3206158,112,D,3299.0
shabendar,20160201,3346.0,3346.0,3346.0,3299.0,7595527072,2270032,82,D,3187.0
shabendar,20160131,3307.0,3307.0,3307.0,3187.0,2493448237,753991,62,D,3150.0
shabendar,20160123,3190.0,3190.0,3115.0,3150.0,30966629026,9832215,1397,D,3091.0
shabendar,20160120,3080.0,3140.0,3040.0,3091.0,31850740571,10304162,1368,D,3079.0
shabendar,20160119,3111.0,3150.0,3030.0,3079.0,16620058537,5397747,956,D,3052.0
shabendar,20160118,3048.0,3133.0,2940.0,3052.0,18642732388,6108509,946,D,3064.0
shabendar,20160117,3078.0,3078.0,2950.0,3064.0,88437081357,28861501,2478,D,2932.0
shabendar,20160116,3017.0,3017.0,3017.0,2932.0,4239391856,1405168,105,D,2874.0
shabendar,20160113,2797.0,2905.0,2766.0,2874.0,18376881576,6394856,783,D,2767.0
shabendar,20160112,2821.0,2830.0,2750.0,2767.0,17434380437,6300812,1004,D,2857.0
shabendar,20160111,2841.0,2940.0,2802.0,2857.0,8466277235,2969427,671,D,2900.0
shabendar,20160110,2862.0,2898.0,2835.0,2900.0,4790308521,1675614,384,D,2941.0
shabendar,20160109,2990.0,3020.0,2830.0,2941.0,40192301037,13665617,631,D,2958.0
shabendar,20160106,2921.0,3000.0,2910.0,2958.0,10746643387,3633530,782,D,2871.0
shabendar,20160105,2780.0,2917.0,2755.0,2871.0,17660545719,6152287,1103,D,2779.0
shabendar,20160104,2800.0,2820.0,2751.0,2779.0,5575522524,2008004,430,D,2782.0
shabendar,20160103,2826.0,2827.0,2750.0,2782.0,5071248393,1831891,380,D,2796.0
shabendar,20160102,2830.0,2839.0,2760.0,2796.0,5925544173,2116665,432,D,2791.0
shabendar,20151230,2762.0,2849.0,2741.0,2791.0,7272524170,2601216,567,D,2778.0
shabendar,20151228,2762.0,2800.0,2736.0,2778.0,4897711198,1769841,398,D,2790.0
shabendar,20151227,2750.0,2820.0,2731.0,2790.0,7122997562,2565771,596,D,2829.0
shabendar,20151226,2860.0,2880.0,2733.0,2829.0,15599606945,5515119,499,D,2866.0
shabendar,20151223,2821.0,2900.0,2821.0,2866.0,11754710098,4101167,332,D,2836.0
shabendar,20151222,2840.0,2900.0,2752.0,2836.0,8225308771,2903086,527,D,2862.0
shabendar,20151221,2840.0,2934.0,2802.0,2862.0,9215942108,3220498,536,D,2803.0
shabendar,20151220,2830.0,2905.0,2802.0,2803.0,70530535164,25158563,824,D,2949.0
shabendar,20151219,3025.0,3026.0,2945.0,2949.0,9873895621,3348139,603,D,3100.0
shabendar,20151216,3230.0,3230.0,3055.0,3100.0,11926013240,3846729,892,D,3184.0
shabendar,20151215,3141.0,3249.0,3141.0,3184.0,8847847361,2776904,541,D,3142.0
shabendar,20151214,3179.0,3230.0,3116.0,3142.0,16831205549,5357166,1099,D,3280.0
shabendar,20151213,3400.0,3400.0,3272.0,3280.0,14414702607,4394786,952,D,3444.0
shabendar,20151209,3464.0,3464.0,3413.0,3444.0,2050607169,596419,230,D,3446.0
shabendar,20151208,3469.0,3469.0,3400.0,3446.0,3828463996,1118700,289,D,3461.0
shabendar,20151207,3450.0,3500.0,3409.0,3461.0,5328727958,1550337,328,D,3491.0
shabendar,20151206,3500.0,3529.0,3449.0,3491.0,4222945795,1218977,349,D,3511.0
shabendar,20151205,3580.0,3580.0,3470.0,3511.0,8660157913,2472012,530,D,3565.0
shabendar,20151201,3605.0,3624.0,3510.0,3565.0,8022708687,2254982,333,D,3594.0
shabendar,20151130,3471.0,3675.0,3471.0,3594.0,22763532106,6333169,1008,D,3555.0
shabendar,20151129,3520.0,3579.0,3480.0,3555.0,3759010604,1073736,371,D,3588.0
shabendar,20151128,3599.0,3613.0,3481.0,3588.0,25396663662,7078500,425,D,3577.0
shabendar,20151125,3570.0,3609.0,3537.0,3577.0,11694463906,3269419,667,D,3559.0
shabendar,20151124,3530.0,3571.0,3484.0,3559.0,21602286358,6070179,498,D,3532.0
shabendar,20151123,3500.0,3555.0,3475.0,3532.0,9870962823,2794076,514,D,3503.0
shabendar,20151122,3458.0,3530.0,3442.0,3503.0,10802312674,3083668,435,D,3484.0
shabendar,20151121,3533.0,3533.0,3458.0,3484.0,6439767336,1855744,457,D,3510.0
shabendar,20151118,3460.0,3550.0,3452.0,3510.0,8728068003,2486188,406,D,3503.0
shabendar,20151117,3570.0,3570.0,3460.0,3503.0,6251603732,1797691,451,D,3547.0
shabendar,20151116,3550.0,3595.0,3520.0,3547.0,8139266652,2289782,524,D,3517.0
shabendar,20151115,3480.0,3560.0,3431.0,3517.0,13801177402,3924153,703,D,3491.0
shabendar,20151114,3490.0,3530.0,3459.0,3491.0,6863251341,1972142,586,D,3516.0
shabendar,20151111,3500.0,3568.0,3480.0,3516.0,8332035872,2376082,558,D,3569.0
shabendar,20151110,3521.0,3599.0,3521.0,3569.0,13510988429,3785449,796,D,3508.0
shabendar,20151109,3540.0,3555.0,3471.0,3508.0,8173944671,2334864,681,D,3542.0
shabendar,20151108,3500.0,3609.0,3500.0,3542.0,9297238530,2624302,573,D,3525.0
shabendar,20151107,3551.0,3570.0,3491.0,3525.0,11201982614,3177979,691,D,3578.0
shabendar,20151104,3520.0,3640.0,3512.0,3578.0,16736580664,4677357,1127,D,3510.0
shabendar,20151103,3465.0,3575.0,3401.0,3510.0,13260797588,3777948,802,D,3457.0
shabendar,20151102,3487.0,3490.0,3439.0,3457.0,5409824735,1569185,382,D,3468.0
shabendar,20151101,3453.0,3510.0,3401.0,3468.0,5658605330,1638586,515,D,3487.0
shabendar,20151031,3451.0,3534.0,3448.0,3487.0,4610661109,1327403,438,D,3499.0
shabendar,20151028,3500.0,3550.0,3442.0,3499.0,5306416713,1529798,437,D,3537.0
shabendar,20151027,3490.0,3589.0,3490.0,3537.0,8258492375,2327305,614,D,3477.0
shabendar,20151026,3460.0,3500.0,3430.0,3477.0,10718334618,3082356,636,D,3453.0
shabendar,20151025,3580.0,3609.0,3427.0,3453.0,20174922090,5842282,977,D,3607.0
shabendar,20151021,3675.0,3675.0,3571.0,3607.0,8449467763,2351499,543,D,3682.0
shabendar,20151020,3621.0,3785.0,3611.0,3682.0,17966051468,4880051,1107,D,3703.0
shabendar,20151019,3710.0,3779.0,3653.0,3703.0,19228709703,5192284,901,D,3784.0
shabendar,20151018,3870.0,3910.0,3686.0,3784.0,40906820133,10809333,1864,D,3739.0
shabendar,20151017,3590.0,3762.0,3589.0,3739.0,63792487691,17061410,1864,D,3583.0
shabendar,20151014,3580.0,3645.0,3531.0,3583.0,15230096752,4250793,740,D,3515.0
shabendar,20151013,3500.0,3577.0,3451.0,3515.0,13450671793,3826275,693,D,3542.0
shabendar,20151012,3590.0,3640.0,3500.0,3542.0,16313706612,4605671,1167,D,3651.0
shabendar,20151011,3699.0,3723.0,3588.0,3651.0,21282168803,5829847,882,D,3723.0
shabendar,20151010,3800.0,3800.0,3671.0,3723.0,19847164682,5330423,896,D,3748.0
shabendar,20151007,3670.0,3825.0,3670.0,3748.0,32847169342,8763892,1312,D,3662.0
shabendar,20151006,3671.0,3697.0,3534.0,3662.0,21892111385,5977764,468,D,3670.0
shabendar,20151005,3640.0,3713.0,3617.0,3670.0,34606454885,9429215,447,D,3615.0
shabendar,20151004,3560.0,3630.0,3400.0,3615.0,60242513189,16665847,615,D,3565.0
shabendar,20151003,3675.0,3675.0,3500.0,3565.0,7924699989,2238026,439,D,3677.0
shabendar,20150930,3692.0,3700.0,3600.0,3677.0,3655338718,1000787,275,D,3692.0
shabendar,20150929,3699.0,3699.0,3631.0,3692.0,44181839088,11966871,355,D,3664.0
shabendar,20150928,3679.0,3729.0,3608.0,3664.0,10442455397,2850171,600,D,3660.0
shabendar,20150927,3600.0,3670.0,3561.0,3660.0,48563652935,13268226,595,D,3600.0
shabendar,20150926,3750.0,3798.0,3501.0,3600.0,12645656293,3512889,721,D,3677.0
shabendar,20150923,3600.0,3682.0,3566.0,3677.0,38005288104,10336253,1097,D,3507.0
shabendar,20150922,3400.0,3547.0,3280.0,3507.0,34117467984,9728124,1137,D,3379.0
shabendar,20150921,3405.0,3450.0,3366.0,3379.0,24244503628,7175850,1107,D,3543.0
shabendar,20150920,3619.0,3688.0,3514.0,3543.0,16421665658,4634730,896,D,3698.0
shabendar,20150919,3770.0,3848.0,3610.0,3698.0,15596754739,4218084,1037,D,3797.0
shabendar,20150916,3902.0,3902.0,3751.0,3797.0,21914662591,5771362,1302,D,3921.0
shabendar,20150915,4057.0,4099.0,3909.0,3921.0,26073130816,6649035,1130,D,4114.0
shabendar,20150914,4130.0,4180.0,4050.0,4114.0,43878947173,10665335,1448,D,4126.0
shabendar,20150913,4244.0,4244.0,4117.0,4126.0,17046069324,4131733,919,D,4333.0
shabendar,20150912,4370.0,4370.0,4260.0,4333.0,50855880558,11736906,2222,D,4162.0
shabendar,20150909,4060.0,4263.0,4060.0,4162.0,21689207317,5211281,657,D,5046.0
shabendar,20150720,5560.0,5700.0,5527.0,5546.0,17720499687,3195375,541,D,5817.0
shabendar,20150715,6120.0,6120.0,5786.0,5817.0,75316851502,12947247,1703,D,6090.0
shabendar,20150714,6340.0,6340.0,5820.0,6090.0,70562271532,11585986,2214,D,6075.0
shabendar,20150713,6084.0,6085.0,6000.0,6075.0,74764897765,12306228,2122,D,5796.0
shabendar,20150712,5708.0,5860.0,5661.0,5796.0,31911706893,5505569,1541,D,5590.0
shabendar,20150711,5550.0,5710.0,5450.0,5590.0,29835956969,5337736,1413,D,5717.0
shabendar,20150707,5640.0,5798.0,5601.0,5717.0,44367383904,7760312,1540,D,5528.0
shabendar,20150706,5400.0,5599.0,5362.0,5528.0,23811717875,4307783,1133,D,5382.0
shabendar,20150705,5450.0,5455.0,5301.0,5382.0,33113937682,6152398,1301,D,5420.0
shabendar,20150704,5250.0,5439.0,5248.0,5420.0,62859909377,11598074,1843,D,5180.0
shabendar,20150701,5201.0,5259.0,5080.0,5180.0,29970679432,5785705,1292,D,5106.0
shabendar,20150630,4972.0,5141.0,4972.0,5106.0,15185078857,2974092,769,D,4897.0
shabendar,20150629,4718.0,4986.0,4718.0,4897.0,14736747000,3009511,765,D,4838.0
shabendar,20150628,4937.0,4937.0,4819.0,4838.0,16304884628,3370425,933,D,5072.0
shabendar,20150627,5170.0,5187.0,4977.0,5072.0,38737363175,7638218,1722,D,5238.0
shabendar,20150624,5305.0,5305.0,5100.0,5238.0,213555364043,40774069,5386,D,5053.0
shabendar,20150623,5053.0,5053.0,5053.0,5053.0,10716200280,2120760,128,D,4813.0
shabendar,20150622,4813.0,4813.0,4813.0,4813.0,10504839361,2182597,81,D,4584.0
shabendar,20150616,4498.0,4680.0,4498.0,4584.0,9223474687,2008302,614,D,4496.0
shabendar,20150615,4500.0,4565.0,4403.0,4496.0,5910047750,1316098,409,D,4504.0
shabendar,20150614,4580.0,4580.0,4400.0,4504.0,5949030182,1323509,473,D,4518.0
shabendar,20150613,4513.0,4647.0,4480.0,4518.0,8047130344,1780328,617,D,4511.0
shabendar,20150610,4562.0,4606.0,4445.0,4511.0,9726670600,2156155,686,D,4678.0
shabendar,20150609,4777.0,4777.0,4609.0,4678.0,7081994083,1532820,365,D,4851.0
shabendar,20150608,4800.0,4880.0,4706.0,4851.0,35411376317,7299178,3557,D,4787.0
shabendar,20150607,4771.0,4829.0,4702.0,4787.0,5028874223,1063372,492,D,4849.0
shabendar,20150606,4935.0,4935.0,4775.0,4849.0,6333134840,1314580,439,D,4905.0
shabendar,20150602,4900.0,4919.0,4830.0,4905.0,23259771348,4742504,2351,D,4866.0
shabendar,20150601,4800.0,4898.0,4800.0,4866.0,9356048921,1922567,1065,D,4861.0
shabendar,20150531,4915.0,4930.0,4800.0,4861.0,7205348756,1488181,550,D,4912.0
shabendar,20150530,4887.0,5090.0,4785.0,4912.0,20608935151,4195947,1031,D,4865.0
shabendar,20150527,4930.0,4930.0,4751.0,4865.0,20251182643,4162577,1173,D,4927.0
shabendar,20150526,4990.0,4999.0,4810.0,4927.0,13281558002,2695478,858,D,4980.0
shabendar,20150525,4902.0,5030.0,4880.0,4980.0,32988286931,6624540,1474,D,4791.0
shabendar,20150524,4726.0,4843.0,4715.0,4791.0,14070206603,2937048,835,D,4726.0
shabendar,20150523,4799.0,4799.0,4650.0,4726.0,12188398134,2578870,711,D,4780.0
shabendar,20150520,4779.0,4850.0,4651.0,4780.0,11879142601,2485373,776,D,4733.0
shabendar,20150519,4610.0,4850.0,4585.0,4733.0,20569338396,4345613,999,D,4749.0
shabendar,20150518,4890.0,4890.0,4688.0,4749.0,16353643207,3443452,911,D,4883.0
shabendar,20150517,5036.0,5036.0,4679.0,4883.0,71274559717,14595174,2492,D,4843.0
shabendar,20150513,4851.0,4851.0,4851.0,4843.0,9768837078,2013778,160,D,4665.0
shabendar,20150512,4667.0,4667.0,4667.0,4665.0,9680235396,2074188,275,D,4488.0
shabendar,20150511,4311.0,4594.0,4282.0,4488.0,22617187855,5039771,1012,D,4418.0
shabendar,20150510,4503.0,4559.0,4412.0,4418.0,27420904807,6205976,1432,D,4595.0
shabendar,20150509,4700.0,4848.0,4569.0,4595.0,26356013733,5736040,1387,D,4759.0
shabendar,20150506,4810.0,4852.0,4752.0,4759.0,43736298381,9190887,2311,D,4950.0
shabendar,20150505,4975.0,5095.0,4873.0,4950.0,18139249188,3664700,1079,D,5076.0
shabendar,20150504,5249.0,5249.0,5056.0,5076.0,13775420075,2713826,652,D,5266.0
shabendar,20150503,5372.0,5430.0,5130.0,5266.0,18655841074,3542522,1122,D,5327.0
shabendar,20150429,5285.0,5373.0,5210.0,5327.0,46915489656,8806474,1894,D,5167.0
shabendar,20150428,5138.0,5298.0,5138.0,5167.0,74252591768,14371781,3689,D,5352.0
shabendar,20150427,5465.0,5465.0,5247.0,5352.0,33696999100,6296249,1071,D,5465.0
shabendar,20150426,5465.0,5465.0,5465.0,5465.0,11707363460,2142244,237,D,5255.0
shabendar,20150425,5255.0,5255.0,5255.0,5255.0,11128571305,2117711,119,D,5053.0
shabendar,20150422,4952.0,5150.0,4952.0,5053.0,86236542617,17066421,2978,D,5888.0
shabendar,20150419,5851.0,6050.0,5843.0,5888.0,141842938790,24091306,4979,D,6086.0
shabendar,20150418,6060.0,6249.0,6059.0,6086.0,25721187835,4226170,868,D,6311.0
shabendar,20150415,6329.0,6449.0,6296.0,6311.0,47322732671,7498292,1665,D,6558.0
shabendar,20150414,6745.0,6800.0,6516.0,6558.0,99953553929,15242607,3182,D,6787.0
shabendar,20150413,6760.0,6989.0,6747.0,6787.0,39629426944,5839119,1611,D,7028.0
shabendar,20150412,7280.0,7280.0,6873.0,7028.0,128169218919,18238058,4593,D,7159.0
shabendar,20150411,7100.0,7173.0,6855.0,7159.0,160367151585,22400899,5334,D,6898.0
shabendar,20150408,6600.0,7002.0,6570.0,6898.0,62234305114,9021777,2266,D,6733.0
shabendar,20150407,6830.0,6900.0,6500.0,6733.0,75940429848,11278224,3289,D,6673.0
shabendar,20150406,6550.0,6812.0,6320.0,6673.0,234850774101,35193199,7321,D,6065.0
shabendar,20150405,6066.0,6066.0,6066.0,6065.0,10915026948,1799378,90,D,5833.0
shabendar,20150404,5833.0,5833.0,5833.0,5833.0,11243171663,1927511,83,D,5609.0
shabendar,20150331,5609.0,5609.0,5609.0,5609.0,13570947455,2419495,210,D,5394.0
shabendar,20150330,5394.0,5394.0,5394.0,5394.0,14049358038,2604627,177,D,5187.0
shabendar,20150329,5187.0,5187.0,5187.0,5187.0,15363587967,2961941,107,D,4988.0
shabendar,20150328,4992.0,4992.0,4992.0,4988.0,10210067712,2045286,115,D,4800.0
shabendar,20150325,4866.0,4866.0,4866.0,4800.0,6728991894,1382859,189,D,4679.0
shabendar,20150318,4650.0,4690.0,4570.0,4679.0,65113955989,13916539,2057,D,4510.0
shabendar,20150317,4650.0,4690.0,4464.0,4510.0,156882360462,34786774,4012,D,8927.0
shabendar,20140720,10790.0,11000.0,10590.0,10727.0,63198610553,5891774,1726,D,10693.0
shabendar,20140716,10600.0,10790.0,10501.0,10693.0,30676921314,2883399,1051,D,10816.0
shabendar,20140715,10998.0,11000.0,10608.0,10816.0,36602174220,3399894,1087,D,11049.0
shabendar,20140714,11169.0,11169.0,10850.0,11049.0,48560335727,4395186,916,D,10881.0
shabendar,20140713,11199.0,11199.0,10673.0,10881.0,61632608889,5664262,1533,D,10929.0
shabendar,20140712,10848.0,10965.0,10562.0,10929.0,45313418361,4146247,996,D,10544.0
shabendar,20140709,10500.0,10729.0,10190.0,10544.0,76910262161,7294129,2041,D,10317.0
shabendar,20140708,10001.0,10356.0,10001.0,10317.0,42700384185,4138636,691,D,9958.0
shabendar,20140707,9900.0,10297.0,9773.0,9958.0,65080090439,6535785,1374,D,10180.0
shabendar,20140706,10500.0,10500.0,10094.0,10180.0,38324110089,3776599,1220,D,10514.0
shabendar,20140705,10536.0,10536.0,10333.0,10514.0,62020317937,5898620,869,D,10131.0
shabendar,20140702,10020.0,10207.0,9900.0,10131.0,70967524540,7004976,1630,D,9815.0
shabendar,20140701,9331.0,10020.0,9331.0,9815.0,54094550226,5511676,1862,D,9688.0
shabendar,20140630,9565.0,9789.0,9565.0,9688.0,29054180224,3030622,682,D,9963.0
shabendar,20140629,10001.0,10040.0,9893.0,9963.0,46447414149,4661781,1096,D,10305.0
shabendar,20140628,10265.0,10490.0,10213.0,10305.0,33996153444,3325166,885,D,10638.0
shabendar,20140625,10160.0,10800.0,10160.0,10638.0,63654328614,5983437,1350,D,10443.0
shabendar,20140624,10650.0,10650.0,10405.0,10443.0,41285650205,3960220,1419,D,10838.0
shabendar,20140623,10790.0,10797.0,10550.0,10838.0,18021154338,1693608,914,D,10974.0
shabendar,20140622,10854.0,11000.0,10760.0,10974.0,15877763278,1462937,879,D,11040.0
shabendar,20140621,11200.0,11200.0,10921.0,11040.0,17966394052,1632338,794,D,11061.0
shabendar,20140618,10999.0,11333.0,10901.0,11061.0,18462627508,1666312,908,D,11049.0
shabendar,20140617,11061.0,11180.0,10903.0,11049.0,12408154504,1132447,646,D,11083.0
shabendar,20140616,11002.0,11450.0,11002.0,11083.0,16724760913,1497010,709,D,11033.0
shabendar,20140615,11100.0,11226.0,11012.0,11033.0,52300682849,4740498,1674,D,11470.0
shabendar,20140614,11598.0,11620.0,11226.0,11470.0,36487058085,3199262,993,D,11693.0
shabendar,20140611,11690.0,11690.0,11376.0,11693.0,15556989581,1354209,1013,D,11792.0
shabendar,20140610,11800.0,11895.0,11660.0,11792.0,104822048961,8888918,740,D,12064.0
shabendar,20140609,11850.0,12049.0,11791.0,12064.0,10723354627,902464,559,D,12115.0
shabendar,20140608,12139.0,12199.0,11780.0,12115.0,20752570814,1728417,753,D,12193.0
shabendar,20140607,12369.0,12369.0,12000.0,12193.0,81966164981,6722195,1487,D,12194.0
shabendar,20140603,12080.0,12207.0,12030.0,12194.0,67112035290,5503804,1622,D,11738.0
shabendar,20140602,11450.0,11885.0,11426.0,11738.0,56124774467,4781273,1377,D,11428.0
shabendar,20140601,11601.0,11670.0,11414.0,11428.0,53620547896,4691988,1689,D,11889.0
shabendar,20140531,11990.0,11990.0,11600.0,11889.0,37713783239,3179054,1175,D,11973.0
shabendar,20140528,12000.0,12001.0,11740.0,11973.0,23061727481,1946244,1520,D,12082.0
shabendar,20140526,12130.0,12200.0,11881.0,12082.0,42255318404,3498663,1669,D,12107.0
shabendar,20140525,12000.0,12300.0,12000.0,12107.0,38585548002,3189091,1104,D,12134.0
shabendar,20140524,12370.0,12370.0,11857.0,12134.0,29569534388,2452336,994,D,12246.0
shabendar,20140521,12380.0,12380.0,12122.0,12246.0,69216326383,5652309,1228,D,12333.0
shabendar,20140520,12353.0,12480.0,12101.0,12333.0,62792373071,5091270,1661,D,12354.0
shabendar,20140519,12577.0,12577.0,12000.0,12354.0,83363969594,6747762,1850,D,12324.0
shabendar,20140518,12200.0,12364.0,12000.0,12324.0,70642484475,5732297,1540,D,11889.0
shabendar,20140517,11785.0,12100.0,11780.0,11889.0,61611637160,5182051,1881,D,11780.0
shabendar,20140514,11899.0,11899.0,11560.0,11780.0,53014268410,4500248,1987,D,11967.0
shabendar,20140512,12001.0,12097.0,11798.0,11967.0,26047749977,2197875,1404,D,12098.0
shabendar,20140511,12290.0,12290.0,11899.0,12098.0,53024834337,4382976,1947,D,12335.0
shabendar,20140510,12370.0,12490.0,12067.0,12335.0,27384417857,2243678,1468,D,12489.0
shabendar,20140507,12548.0,12548.0,12400.0,12489.0,37228858395,2981384,1148,D,12495.0
shabendar,20140506,12600.0,12650.0,12463.0,12495.0,35752108861,2859397,1089,D,12477.0
shabendar,20140505,12500.0,12688.0,12351.0,12477.0,53856141538,4316317,1365,D,12269.0
shabendar,20140504,12441.0,12478.0,12070.0,12269.0,59142657441,4820355,1524,D,12441.0
shabendar,20140503,12669.0,12669.0,12226.0,12441.0,42801725928,3444128,1223,D,12508.0
shabendar,20140430,12250.0,12780.0,12240.0,12508.0,57373354084,4587099,1717,D,12502.0
shabendar,20140429,12600.0,13000.0,12260.0,12502.0,54181408797,4333985,1903,D,12749.0
shabendar,20140428,12890.0,12950.0,12711.0,12749.0,134435868401,10544624,3196,D,13240.0
shabendar,20140427,13450.0,13502.0,12860.0,13240.0,207360224070,15662227,5907,D,12983.0
shabendar,20140426,13001.0,13001.0,12980.0,12983.0,51995134437,3999570,966,D,12501.0
shabendar,20140423,12350.0,12598.0,12118.0,12501.0,117298062651,9383082,2846,D,12114.0
shabendar,20140422,12118.0,12118.0,11900.0,12114.0,167937134581,13863354,3011,D,11652.0
shabendar,20140421,11400.0,11716.0,11300.0,11652.0,62974511658,5404707,1750,D,11266.0
shabendar,20140420,11114.0,11490.0,11113.0,11266.0,46460883962,4123675,1868,D,11113.0
shabendar,20140419,11120.0,11207.0,10856.0,11113.0,20847471684,1915098,725,D,11308.0
shabendar,20140416,11300.0,11564.0,11100.0,11308.0,53846488064,4761720,2438,D,11185.0
shabendar,20140415,11104.0,11800.0,11104.0,11185.0,194006596666,17345720,4955,D,11566.0
shabendar,20140414,11137.0,11137.0,11137.0,11566.0,3474521260,311980,179,D,11601.0
shabendar,20140413,11340.0,11349.0,11236.0,11601.0,11154839665,989494,577,D,11704.0
shabendar,20140412,12110.0,12120.0,11635.0,11704.0,54498097500,4656214,2099,D,12119.0
shabendar,20140409,12390.0,12390.0,12001.0,12119.0,39036138445,3233477,1656,D,12283.0
shabendar,20140408,12395.0,12500.0,12300.0,12283.0,30717646048,2489945,1676,D,12202.0
shabendar,20140407,12398.0,12398.0,12020.0,12202.0,54534143447,4469195,2957,D,12458.0
shabendar,20140406,12700.0,12700.0,12411.0,12458.0,52707259212,4230902,2272,D,12928.0
shabendar,20140405,13300.0,13300.0,12700.0,12928.0,38951373118,3035532,2224,D,13194.0
shabendar,20140331,13200.0,13220.0,13000.0,13194.0,58053494860,4399968,2113,D,12712.0
shabendar,20140330,12401.0,12897.0,12401.0,12712.0,42806448921,3347919,2018,D,12401.0
shabendar,20140329,12499.0,12600.0,12386.0,12401.0,113428168830,9146945,3387,D,12902.0
shabendar,20140326,12850.0,13149.0,12814.0,12902.0,45450448846,3543391,1677,D,13347.0
shabendar,20140325,13689.0,13740.0,13173.0,13347.0,48575455216,3653211,2624,D,13721.0
shabendar,20140319,13794.0,13799.0,13662.0,13721.0,50770908125,3706550,3316,D,13920.0
shabendar,20140318,14080.0,14080.0,13740.0,13920.0,41133921803,2972116,2479,D,14122.0
shabendar,20140317,13979.0,14200.0,13877.0,14122.0,166347271805,11779708,2632,D,14111.0
shabendar,20140316,14076.0,14200.0,13699.0,14111.0,968082803614,68606415,4978,D,14145.0
shabendar,20140315,14195.0,14400.0,14010.0,14145.0,67097503562,4743590,2878,D,14170.0
shabendar,20140312,14030.0,14482.0,14002.0,14170.0,54962329820,3882063,2154,D,14345.0
shabendar,20140311,14450.0,14450.0,14098.0,14345.0,26067153021,1842824,1058,D,14505.0
shabendar,20140310,14199.0,14552.0,14150.0,14505.0,272141830806,18762576,1154,D,14267.0
shabendar,20140309,14200.0,14300.0,14090.0,14267.0,213826345085,14987830,1683,D,14396.0
shabendar,20140308,14631.0,14699.0,14151.0,14396.0,41609418470,2905968,1500,D,14577.0
shabendar,20140305,14200.0,14666.0,14100.0,14577.0,85234783175,5847159,1867,D,14102.0
shabendar,20140304,14000.0,14350.0,13958.0,14102.0,42504537860,3011322,1462,D,14066.0
shabendar,20140303,14200.0,14200.0,14000.0,14066.0,62508023976,4443913,2209,D,14399.0
shabendar,20140302,14619.0,14619.0,14200.0,14399.0,31171551016,2183864,1448,D,14539.0
shabendar,20140301,14700.0,14800.0,14500.0,14539.0,33987027438,2328573,1355,D,14466.0
shabendar,20140226,14150.0,14899.0,14089.0,14466.0,69112147090,4777560,2635,D,14369.0
shabendar,20140225,14530.0,14533.0,14220.0,14369.0,53098610443,3704509,1662,D,14667.0
shabendar,20140224,14799.0,14868.0,14475.0,14667.0,52132727872,3566289,1624,D,14973.0
shabendar,20140223,15170.0,15290.0,14853.0,14973.0,89451016854,5974297,2932,D,15429.0
shabendar,20140222,15379.0,15723.0,15200.0,15429.0,153597463377,9955364,3597,D,15495.0
shabendar,20140219,15092.0,15542.0,15092.0,15495.0,566400941046,36554517,22752,D,14945.0
shabendar,20140218,15110.0,15150.0,14626.0,14945.0,114313210258,7648771,2626,D,15119.0
shabendar,20140217,14889.0,15263.0,14601.0,15119.0,359307289017,23765174,5506,D,14676.0
shabendar,20140216,14312.0,14759.0,14312.0,14676.0,284207434665,19365184,2776,D,14192.0
shabendar,20140215,14092.0,14500.0,14092.0,14192.0,49191885368,3461228,1330,D,14091.0
shabendar,20140212,14497.0,14497.0,14037.0,14091.0,84804561728,6018463,2060,D,14621.0
shabendar,20140210,14810.0,15150.0,14200.0,14621.0,131125650257,8968220,2570,D,14775.0
shabendar,20140209,14240.0,14807.0,14240.0,14775.0,346168448265,23430011,3471,D,14238.0
shabendar,20140208,14557.0,14557.0,13974.0,14238.0,127449025157,8951034,2155,D,14556.0
shabendar,20140205,14690.0,14730.0,14496.0,14556.0,125585821077,8627748,2204,D,14684.0
shabendar,20140204,14507.0,14800.0,14507.0,14684.0,151309337530,10304573,2249,D,14506.0
shabendar,20140203,14438.0,14595.0,14300.0,14506.0,151461441370,10441266,2271,D,14437.0
shabendar,20140202,14520.0,14700.0,14112.0,14437.0,170357604786,11800319,2808,D,14521.0
shabendar,20140201,14521.0,14521.0,14521.0,14521.0,187646025190,12922390,1298,D,13963.0
shabendar,20140120,14064.0,14139.0,13650.0,13963.0,129607458400,9281950,2944,D,14063.0
shabendar,20140118,14190.0,14200.0,13990.0,14063.0,50509584241,3594387,1666,D,14130.0
shabendar,20140115,14340.0,14340.0,13950.0,14130.0,74942279565,5303759,1675,D,14436.0
shabendar,20140114,14840.0,14840.0,14260.0,14436.0,55807253078,3871625,1660,D,14752.0
shabendar,20140113,14548.0,14818.0,14352.0,14752.0,171972093401,11657363,2715,D,14249.0
shabendar,20140112,14988.0,14995.0,14069.0,14249.0,151945954404,10663539,2482,D,14655.0
shabendar,20140111,14231.0,14758.0,14231.0,14655.0,69077383365,4713600,1885,D,14191.0
shabendar,20140108,14271.0,14350.0,14100.0,14191.0,72408056033,5102240,2005,D,14149.0
shabendar,20140107,14152.0,14400.0,14080.0,14149.0,83503417684,5901693,2020,D,14488.0
shabendar,20140106,14709.0,14760.0,14230.0,14488.0,81507456102,5626023,2352,D,14813.0
shabendar,20140105,14840.0,15150.0,14600.0,14813.0,91900373274,6203870,2450,D,15019.0
shabendar,20140104,15100.0,15311.0,14750.0,15019.0,181142821627,12060900,3861,D,14806.0
shabendar,20140101,14591.0,14899.0,14500.0,14806.0,126213821404,8524441,2758,D,14326.0
shabendar,20131230,13990.0,14489.0,13988.0,14326.0,161358498041,11263530,3272,D,13932.0
shabendar,20131229,13972.0,14140.0,13800.0,13932.0,93460741477,6708324,2659,D,13971.0
shabendar,20131228,14053.0,14350.0,13851.0,13971.0,99149009330,7096869,3100,D,14052.0
shabendar,20131225,14150.0,14200.0,13950.0,14052.0,95058770506,6764769,3403,D,14128.0
shabendar,20131224,14469.0,14497.0,14000.0,14128.0,143413356320,10150758,4153,D,14118.0
shabendar,20131222,13857.0,14500.0,13857.0,14118.0,113513748151,8040607,3194,D,14124.0
shabendar,20131221,14200.0,14400.0,14057.0,14124.0,163202195978,11555236,4180,D,14642.0
shabendar,20131218,14660.0,14860.0,14150.0,14642.0,152293210570,10401293,3405,D,14671.0
shabendar,20131217,14860.0,14860.0,14588.0,14671.0,138192933697,9419534,3330,D,15070.0
shabendar,20131216,15360.0,15550.0,14750.0,15070.0,221838495449,14720666,4669,D,15195.0
shabendar,20131215,15061.0,15300.0,15020.0,15195.0,147588560217,9712965,4105,D,14985.0
shabendar,20131214,14710.0,15205.0,14550.0,14985.0,151987257489,10142473,4079,D,14692.0
shabendar,20131211,14990.0,14990.0,14626.0,14692.0,155865537575,10608840,4304,D,15235.0
shabendar,20131210,15374.0,15374.0,15000.0,15235.0,197619185629,12971067,5006,D,14783.0
shabendar,20131209,14770.0,14802.0,14600.0,14783.0,71927470416,4865548,1178,D,14233.0
shabendar,20131208,14500.0,14550.0,14129.0,14233.0,190232386538,13365742,4817,D,14717.0
shabendar,20131207,15197.0,15197.0,14470.0,14717.0,105611414538,7176354,3567,D,14967.0
shabendar,20131204,14900.0,15200.0,14645.0,14967.0,179263085881,11976869,3882,D,14645.0
shabendar,20131203,14187.0,14751.0,14187.0,14645.0,329242840691,22481077,5528,D,14184.0
shabendar,20131202,14500.0,14680.0,13900.0,14184.0,140630712094,9914541,3860,D,14333.0
shabendar,20131201,13980.0,14415.0,13951.0,14333.0,372533182235,25991109,5881,D,13861.0
shabendar,20131130,14000.0,14200.0,13640.0,13861.0,158835298526,11459055,4636,D,13935.0
shabendar,20131127,14100.0,14200.0,13800.0,13935.0,170644572951,12245872,4086,D,14241.0
shabendar,20131126,14590.0,14697.0,13800.0,14241.0,136418515035,9579206,4479,D,14147.0
shabendar,20131125,13988.0,14313.0,13550.0,14147.0,232363325498,16424765,5601,D,13763.0
shabendar,20131124,14000.0,14387.0,13560.0,13763.0,261131846581,18973429,7861,D,14125.0
shabendar,20131123,14900.0,14900.0,13993.0,14125.0,183538535793,12993568,5892,D,14576.0
shabendar,20131120,14699.0,14789.0,14400.0,14576.0,163636636952,11226158,4803,D,14255.0
shabendar,20131119,14000.0,14347.0,13956.0,14255.0,65653604698,4605764,1303,D,13796.0
shabendar,20131118,13800.0,14064.0,13632.0,13796.0,216738059458,15709747,6848,D,14200.0
shabendar,20131117,14440.0,14455.0,14178.0,14200.0,117781427090,8294570,3406,D,14768.0
shabendar,20131116,14900.0,15147.0,14400.0,14768.0,142238031337,9631301,4676,D,14813.0
shabendar,20131112,14750.0,14950.0,14500.0,14813.0,177097075820,11955331,3462,D,14839.0
shabendar,20131111,15000.0,15299.0,14560.0,14839.0,129778470018,8745924,4374,D,14873.0
shabendar,20131110,15100.0,15270.0,14844.0,14873.0,379307214016,25503038,7479,D,15462.0
shabendar,20131109,16100.0,16200.0,15293.0,15462.0,122390021553,7915590,2940,D,15930.0
shabendar,20131106,15850.0,15993.0,15700.0,15930.0,225028871288,14126436,5215,D,15378.0
shabendar,20131105,15279.0,15409.0,15233.0,15378.0,117619492868,7648648,2415,D,14817.0
shabendar,20131104,14666.0,15320.0,14350.0,14817.0,218779043856,14764982,5093,D,14903.0
shabendar,20131103,15070.0,15379.0,14475.0,14903.0,279866565546,18778789,5369,D,15070.0
shabendar,20131102,15209.0,15300.0,15055.0,15070.0,186995067331,12408823,4009,D,15682.0
shabendar,20131030,15809.0,16050.0,15501.0,15682.0,179900366144,11471608,3756,D,15653.0
shabendar,20131029,15400.0,15693.0,15180.0,15653.0,285801306940,18258736,4516,D,15090.0
shabendar,20131028,15300.0,15898.0,14976.0,15090.0,318531609645,21108395,5548,D,15599.0
shabendar,20131027,15900.0,15900.0,15577.0,15599.0,128295436483,8224491,2048,D,16226.0
shabendar,20131026,16099.0,16280.0,15950.0,16226.0,380420946759,23444527,4825,D,15654.0
shabendar,20131023,15445.0,16400.0,15445.0,15654.0,578764406896,36971565,7850,D,16088.0
shabendar,20131022,16088.0,16088.0,16088.0,16088.0,109864340656,6828962,1131,D,16758.0
shabendar,20131021,16900.0,17495.0,16546.0,16758.0,588718973846,35130231,8918,D,17235.0
shabendar,20131020,17226.0,17499.0,17226.0,17235.0,529484139638,30720818,6201,D,17943.0
shabendar,20131019,18029.0,18029.0,17500.0,17943.0,760335594885,42374333,9183,D,17336.0
shabendar,20131015,17336.0,17336.0,17336.0,17336.0,138961042000,8015750,1121,D,16670.0
shabendar,20131014,16499.0,16811.0,16200.0,16670.0,280960151494,16854541,4174,D,16165.0
shabendar,20131013,16155.0,16196.0,15928.0,16165.0,454415938351,28110792,6067,D,15574.0
shabendar,20131012,15010.0,15884.0,15010.0,15574.0,540337176836,34694189,10313,D,15274.0
shabendar,20131009,14790.0,15399.0,14602.0,15274.0,358650316843,23481539,5388,D,14807.0
shabendar,20131008,14900.0,15156.0,14005.0,14807.0,627463242438,42376059,7986,D,14574.0
shabendar,20131007,14420.0,14748.0,14330.0,14574.0,807815834222,55428622,6384,D,14927.0
shabendar,20131006,15116.0,15117.0,14540.0,14927.0,515764444712,34552291,9004,D,14536.0
shabendar,20131005,14349.0,14586.0,14246.0,14536.0,264932599592,18225775,3293,D,14025.0
shabendar,20131002,13800.0,14050.0,13700.0,14025.0,472498181189,33690752,6871,D,13510.0
shabendar,20131001,13350.0,13606.0,13120.0,13510.0,338145086056,25029932,5786,D,13083.0
shabendar,20130930,12900.0,13113.0,12700.0,13083.0,336319956546,25705796,3277,D,12609.0
shabendar,20130929,12300.0,12821.0,12150.0,12609.0,495938454094,39333020,5652,D,12328.0
shabendar,20130928,12442.0,12444.0,12200.0,12328.0,186634495497,15139422,3151,D,12140.0
shabendar,20130925,12000.0,12301.0,11850.0,12140.0,150319493272,12382466,2341,D,12039.0
shabendar,20130924,12200.0,12420.0,11820.0,12039.0,149530528796,12420041,2955,D,12077.0
shabendar,20130923,11850.0,12090.0,11825.0,12077.0,198071009973,16401284,2062,D,11625.0
shabendar,20130922,11615.0,11800.0,11555.0,11625.0,189266934398,16280435,3530,D,12036.0
shabendar,20130921,12500.0,12500.0,11835.0,12036.0,237124808981,19701778,4973,D,12279.0
shabendar,20130918,12350.0,12400.0,12120.0,12279.0,183244826681,14922890,3362,D,12061.0
shabendar,20130917,12000.0,12165.0,11920.0,12061.0,139832196226,11593786,3401,D,11701.0
shabendar,20130916,11300.0,12000.0,11300.0,11701.0,161907694641,13836652,3495,D,11613.0
shabendar,20130915,12002.0,12040.0,11410.0,11613.0,218630072357,18825677,5593,D,11872.0
shabendar,20130914,12170.0,12170.0,11855.0,11872.0,257427684159,21684124,4152,D,12348.0
shabendar,20130911,12690.0,12699.0,12100.0,12348.0,300947138651,24373114,4723,D,12257.0
shabendar,20130910,12100.0,12269.0,12051.0,12257.0,653466864510,53313470,4450,D,11798.0
shabendar,20130909,11930.0,12100.0,11530.0,11798.0,202689156130,17179245,4307,D,11918.0
shabendar,20130908,11916.0,12109.0,11916.0,11918.0,206519657590,17328143,2486,D,12412.0
shabendar,20130907,11976.0,11976.0,11976.0,12412.0,6293471832,525507,173,D,12475.0
shabendar,20130904,12199.0,12199.0,12199.0,12475.0,23045923835,1889165,437,D,12707.0
shabendar,20130903,12820.0,12820.0,12451.0,12707.0,396698803470,31218860,5961,D,12331.0
shabendar,20130901,12200.0,12393.0,12036.0,12331.0,444875253583,36076589,5794,D,11917.0
shabendar,20130831,12002.0,12190.0,11671.0,11917.0,214211417953,17974585,4647,D,11850.0
shabendar,20130828,11849.0,11988.0,11849.0,11850.0,338360072227,28553804,3147,D,12342.0
shabendar,20130827,12489.0,12586.0,11700.0,12342.0,1112213310753,90119220,13054,D,12102.0
shabendar,20130826,11950.0,12446.0,11949.0,12102.0,735095650614,60740375,9520,D,12446.0
shabendar,20130825,12750.0,12800.0,12240.0,12446.0,757146692973,60832159,8255,D,6708.0
shabendar,20130519,7306.0,7400.0,7306.0,7308.0,223354645869,30564127,2785,D,7610.0
shabendar,20130518,7334.0,7334.0,7334.0,7610.0,2933592666,399999,161,D,7639.0
shabendar,20130515,7601.0,7998.0,7601.0,7639.0,190562994545,24945056,3235,D,7917.0
shabendar,20130514,7627.0,7627.0,7627.0,7917.0,2713434909,355767,157,D,7944.0
shabendar,20130513,7940.0,8150.0,7940.0,7944.0,187215580835,23566664,2199,D,8270.0
shabendar,20130512,8658.0,8658.0,7992.0,8270.0,526029242534,63604862,8840,D,8325.0
shabendar,20130511,8151.0,8750.0,8088.0,8325.0,425905503336,51158807,8079,D,8425.0
shabendar,20130508,8425.0,8425.0,8425.0,8425.0,38254125325,4540549,338,D,8776.0
shabendar,20130507,8830.0,8940.0,8698.0,8776.0,67110052130,7646963,1086,D,9060.0
shabendar,20130506,9050.0,9399.0,8952.0,9060.0,527153416627,58186504,8246,D,9325.0
shabendar,20130505,9323.0,9400.0,9323.0,9325.0,91964024564,9862447,1107,D,9711.0
shabendar,20130504,10000.0,10000.0,9300.0,9711.0,378593048756,38984581,8306,D,9638.0
shabendar,20130501,9307.0,9679.0,9101.0,9638.0,371283318274,38523488,6183,D,9307.0
shabendar,20130430,9400.0,9776.0,9024.0,9307.0,437805423511,47038106,7312,D,8887.0
shabendar,20130428,8896.0,8896.0,8710.0,8887.0,528499778278,59466559,7648,D,8554.0
shabendar,20130427,8554.0,8554.0,8554.0,8554.0,88922063412,10395378,400,D,8225.0
shabendar,20130424,8009.0,8250.0,8009.0,8225.0,296632432792,36064068,5803,D,7933.0
shabendar,20130423,8001.0,8090.0,7752.0,7933.0,207612440807,26170351,4205,D,8007.0
shabendar,20130422,8060.0,8169.0,7930.0,8007.0,212249458894,26506521,4378,D,7953.0
shabendar,20130421,8038.0,8100.0,7782.0,7953.0,196423086540,24697826,4716,D,7859.0
shabendar,20130420,7780.0,7863.0,7770.0,7859.0,319945530438,40709371,4030,D,7561.0
shabendar,20130417,7600.0,7741.0,7398.0,7561.0,143341700576,18958782,3886,D,7478.0
shabendar,20130416,7299.0,7491.0,7250.0,7478.0,371181514037,49633488,3423,D,7203.0
shabendar,20130415,7000.0,7276.0,6975.0,7203.0,156048471085,21663509,3128,D,7003.0
shabendar,20130413,7062.0,7098.0,6902.0,7003.0,88886944681,12692461,2547,D,7062.0
shabendar,20130410,7000.0,7185.0,6910.0,7062.0,263760043935,37349669,5393,D,7040.0
shabendar,20130409,7040.0,7040.0,7040.0,7040.0,76031274880,10799897,377,D,6770.0
shabendar,20130408,6700.0,6782.0,6682.0,6770.0,93725630340,13844090,808,D,6522.0
shabendar,20130407,6531.0,6620.0,6400.0,6522.0,95465745584,14636856,2596,D,6518.0
shabendar,20130406,6525.0,6680.0,6450.0,6518.0,94765424067,14539585,2990,D,6459.0
shabendar,20130403,6380.0,6537.0,6200.0,6459.0,131439826567,20351406,3399,D,6328.0
shabendar,20130331,6229.0,6339.0,6135.0,6328.0,188489092393,29788286,3088,D,6096.0
shabendar,20130330,6188.0,6198.0,5870.0,6096.0,273316040873,44833159,5688,D,5975.0
shabendar,20130327,5976.0,5976.0,5976.0,5975.0,24643356696,4123721,145,D,5747.0
shabendar,20130326,5827.0,5827.0,5827.0,5747.0,15547980155,2668265,97,D,5603.0
shabendar,20130325,5815.0,5815.0,5815.0,5603.0,1190254905,204687,48,D,5592.0
shabendar,20130318,5551.0,5703.0,5429.0,5592.0,157079514887,28089116,1959,D,5484.0
shabendar,20130317,5462.0,5544.0,5449.0,5484.0,59519491400,10853561,1566,D,5669.0
shabendar,20130316,5790.0,5802.0,5570.0,5669.0,132105303594,23302581,2254,D,5802.0
shabendar,20130313,5722.0,5814.0,5699.0,5802.0,568907019980,98054593,6044,D,5591.0
shabendar,20130312,5501.0,5749.0,5400.0,5591.0,125045728028,22366125,2514,D,5604.0
shabendar,20130311,5570.0,5638.0,5501.0,5604.0,268414457288,47896268,5566,D,5422.0
shabendar,20130310,5590.0,5590.0,5367.0,5422.0,414753032439,76491073,5747,D,4463.0
shabendar,20121226,4450.0,4485.0,4403.0,4463.0,69340677023,15536720,1049,D,4313.0
shabendar,20121225,4342.0,4342.0,4180.0,4313.0,308928365529,71633611,3422,D,4175.0
shabendar,20121224,4175.0,4175.0,4175.0,4175.0,18139381350,4344762,115,D,4015.0
shabendar,20121223,4015.0,4015.0,4015.0,4015.0,16622100000,4140000,144,D,3861.0
shabendar,20121222,3750.0,3908.0,3724.0,3861.0,105130830025,27228254,2393,D,3758.0
shabendar,20121219,3741.0,3840.0,3706.0,3758.0,105650624126,28112074,2528,D,3787.0
shabendar,20121218,3890.0,3890.0,3711.0,3787.0,98465558384,25999276,2705,D,3805.0
shabendar,20121217,3734.0,3811.0,3720.0,3805.0,95648850109,25135258,1703,D,3665.0
shabendar,20121216,3582.0,3720.0,3533.0,3665.0,198568736680,54183181,3320,D,3583.0
shabendar,20121215,3610.0,3650.0,3532.0,3583.0,74921763643,20911292,1205,D,3593.0
shabendar,20121212,3620.0,3689.0,3540.0,3593.0,39567507167,11012395,1258,D,3591.0
shabendar,20121211,3480.0,3644.0,3440.0,3591.0,237868295545,66248341,3233,D,3505.0
shabendar,20121210,3570.0,3629.0,3430.0,3505.0,88034442040,25113565,2141,D,3569.0
shabendar,20121209,3599.0,3653.0,3520.0,3569.0,87990926501,24657137,2315,D,3662.0
shabendar,20121208,3780.0,3825.0,3533.0,3662.0,200348603938,54712583,5917,D,3680.0
shabendar,20121205,3610.0,3692.0,3571.0,3680.0,298028964839,80987502,5202,D,3550.0
shabendar,20121204,3551.0,3551.0,3520.0,3550.0,272420222864,76740930,3900,D,3415.0
shabendar,20121203,3330.0,3495.0,3321.0,3415.0,109457475838,32049901,2817,D,3413.0
shabendar,20121202,3400.0,3469.0,3326.0,3413.0,114322829855,33497923,2961,D,3336.0
shabendar,20121201,3238.0,3363.0,3161.0,3336.0,134283059484,40251623,2476,D,3234.0
shabendar,20121128,3207.0,3246.0,3180.0,3234.0,180459211558,55795772,3146,D,3122.0
shabendar,20121127,3107.0,3124.0,3100.0,3122.0,81880647954,26226711,1263,D,3004.0
shabendar,20121126,2979.0,3088.0,2979.0,3004.0,157435433612,52416598,3467,D,3103.0
shabendar,20121121,3099.0,3099.0,3099.0,3103.0,12397332570,4000430,239,D,3228.0
shabendar,20121120,3112.0,3112.0,3112.0,3228.0,1302147936,418428,47,D,3241.0
shabendar,20121119,3240.0,3320.0,3215.0,3241.0,110829086034,34194387,2267,D,3348.0
shabendar,20121118,3379.0,3430.0,3242.0,3348.0,125180753814,37389909,3214,D,3318.0
shabendar,20121117,3319.0,3319.0,3258.0,3318.0,268494917222,80929317,4097,D,3192.0
shabendar,20121114,3192.0,3192.0,3192.0,3192.0,46674924240,14622470,347,D,3070.0
shabendar,20121113,3054.0,3072.0,3053.0,3070.0,107564911749,35041505,1051,D,2954.0
shabendar,20121112,2865.0,2975.0,2860.0,2954.0,47602609556,16111981,1075,D,2861.0
shabendar,20121111,2890.0,2898.0,2850.0,2861.0,14858650912,5192639,630,D,2875.0
shabendar,20121110,2911.0,2940.0,2830.0,2875.0,27020558527,9399543,973,D,2920.0
shabendar,20121107,2965.0,2967.0,2900.0,2920.0,81162758173,27798067,1774,D,2898.0
shabendar,20121106,2850.0,2959.0,2825.0,2898.0,55137734458,19027538,1513,D,2878.0
shabendar,20121105,2958.0,2976.0,2851.0,2878.0,103939711049,36118035,1780,D,2969.0
shabendar,20121104,2970.0,3045.0,2905.0,2969.0,52896420452,17815276,1380,D,2955.0
shabendar,20121031,2998.0,3027.0,2910.0,2955.0,96573882880,32683409,2732,D,3025.0
shabendar,20121030,3053.0,3053.0,2942.0,3025.0,407026783792,134575425,5885,D,2936.0
shabendar,20121029,2900.0,2953.0,2867.0,2936.0,137988980347,47000074,3968,D,2840.0
shabendar,20121028,2840.0,2840.0,2839.0,2840.0,239081580880,84183657,1956,D,2731.0
shabendar,20121027,2731.0,2731.0,2731.0,2731.0,134245145240,49156040,895,D,2626.0
shabendar,20121024,2626.0,2626.0,2626.0,2626.0,94445174538,35965413,685,D,2525.0
shabendar,20121023,2500.0,2561.0,2431.0,2525.0,46142229823,18271861,1369,D,2463.0
shabendar,20121022,2375.0,2472.0,2375.0,2463.0,102646138721,41678589,1713,D,2377.0
shabendar,20121021,2350.0,2382.0,2301.0,2377.0,100373823509,42230153,2211,D,2291.0
shabendar,20121020,2251.0,2295.0,2251.0,2291.0,26834153061,11714192,729,D,2207.0
shabendar,20121017,2180.0,2240.0,2162.0,2207.0,21419049273,9707247,850,D,2215.0
shabendar,20121016,2200.0,2264.0,2188.0,2215.0,60910337604,27493149,1503,D,2188.0
shabendar,20121015,2158.0,2191.0,2150.0,2188.0,70175477201,32066751,1935,D,2107.0
shabendar,20121014,2063.0,2168.0,2031.0,2107.0,37646621525,17865732,1451,D,2113.0
shabendar,20121013,2170.0,2170.0,2090.0,2113.0,13558961912,6415418,652,D,2177.0
shabendar,20121010,2171.0,2207.0,2149.0,2177.0,48237123984,22161005,1433,D,2150.0
shabendar,20121009,2162.0,2199.0,2125.0,2150.0,25037951720,11647348,953,D,2127.0
shabendar,20121008,2111.0,2160.0,2061.0,2127.0,36318338606,17072521,1185,D,2084.0
shabendar,20121007,2078.0,2123.0,2050.0,2084.0,19140697587,9184269,878,D,2052.0
shabendar,20121006,2099.0,2103.0,2049.0,2052.0,51747278166,25221441,1495,D,2134.0
shabendar,20121003,2110.0,2146.0,2080.0,2134.0,64004653688,29994947,1864,D,2064.0
shabendar,20121002,2100.0,2180.0,2037.0,2064.0,47560959356,23039413,1921,D,2121.0
shabendar,20121001,2145.0,2190.0,2112.0,2121.0,18570918913,8756782,725,D,2200.0
shabendar,20120930,2270.0,2270.0,2193.0,2200.0,79478717769,36129713,2100,D,2284.0
shabendar,20120929,2280.0,2330.0,2240.0,2284.0,87020268946,38101591,2828,D,2242.0
shabendar,20120926,2242.0,2242.0,2240.0,2242.0,129768443582,57880771,1746,D,2156.0
shabendar,20120925,2149.0,2161.0,2123.0,2156.0,51891873716,24067292,1477,D,2078.0
shabendar,20120924,2067.0,2147.0,2067.0,2078.0,90802598314,43705551,2438,D,2153.0
shabendar,20120923,2231.0,2249.0,2100.0,2153.0,65870385586,30593784,2191,D,2187.0
shabendar,20120922,2140.0,2191.0,2115.0,2187.0,163570255384,74806038,4088,D,2107.0
shabendar,20120919,2068.0,2119.0,2060.0,2107.0,202683728449,96194620,4560,D,2038.0
shabendar,20120918,2038.0,2038.0,2021.0,2038.0,64684659360,31739792,916,D,1960.0
shabendar,20120917,1911.0,1981.0,1911.0,1960.0,62264903570,31763800,1379,D,1905.0
shabendar,20120916,1944.0,1944.0,1870.0,1905.0,34702788400,18214588,1270,D,1908.0
shabendar,20120915,1852.0,1916.0,1836.0,1908.0,70742563612,37069829,4210,D,1843.0
shabendar,20120911,1870.0,1917.0,1819.0,1843.0,54201388477,29403622,2465,D,1894.0
shabendar,20120910,1880.0,1927.0,1853.0,1894.0,172050246530,90860279,3298,D,1853.0
shabendar,20120909,1885.0,1898.0,1851.0,1853.0,72537865239,39152196,1721,D,1928.0
shabendar,20120908,1940.0,1994.0,1858.0,1928.0,73482171970,38117638,5367,D,1919.0
shabendar,20120905,1934.0,1934.0,1871.0,1919.0,141916346872,73942088,3687,D,1860.0
shabendar,20120904,1860.0,1860.0,1860.0,1860.0,7700400000,4140000,91,D,1789.0
shabendar,20120903,1770.0,1792.0,1760.0,1789.0,25551769754,14281795,560,D,1724.0
shabendar,20120902,1692.0,1748.0,1690.0,1724.0,47501207679,27549716,1514,D,1681.0
shabendar,20120827,1682.0,1682.0,1639.0,1681.0,187263675870,111406235,3926,D,1618.0
shabendar,20120826,1618.0,1618.0,1618.0,1618.0,7898396440,4881580,206,D,1556.0
shabendar,20120825,1510.0,1570.0,1510.0,1556.0,17049930710,10959739,360,D,1358.0
shabendar,20120710,1365.0,1396.0,1343.0,1358.0,35095825321,25835476,1876,D,1398.0
shabendar,20120709,1390.0,1423.0,1370.0,1398.0,59916104891,42859419,2526,D,1372.0
shabendar,20120708,1360.0,1374.0,1342.0,1372.0,72942879677,53147693,2712,D,1322.0
shabendar,20120707,1290.0,1329.0,1290.0,1322.0,46846053899,35427063,2026,D,1278.0
shabendar,20120704,1279.0,1291.0,1247.0,1278.0,52264673513,40897212,2699,D,1242.0
shabendar,20120703,1245.0,1245.0,1211.0,1242.0,104113103969,83796323,3664,D,1198.0
shabendar,20120702,1188.0,1205.0,1180.0,1198.0,32521537122,27152077,1259,D,1159.0
shabendar,20120701,1159.0,1159.0,1146.0,1159.0,46327090157,39983891,1570,D,1115.0
shabendar,20120630,1139.0,1139.0,1139.0,1115.0,2119502455,1860845,63,D,1096.0
shabendar,20120627,1102.0,1130.0,1086.0,1096.0,76405243282,69730343,2728,D,1131.0
shabendar,20120626,1154.0,1159.0,1117.0,1131.0,52724280106,46616885,2363,D,1163.0
shabendar,20120625,1160.0,1180.0,1146.0,1163.0,81667019797,70242200,4041,D,1142.0
shabendar,20120624,1305.0,1305.0,1140.0,1142.0,788084992681,690000000,3292,D,1000.0
