<TICKER>,<DTYYYYMMDD>,<FIRST>,<HIGH>,<LOW>,<CLOSE>,<VALUE>,<VOL>,<OPENINT>,<PER>,<OPEN>,Date
Isf..Oil.Ref..Co.,20160427,2850.0,2940.0,2850.0,2898.0,10979097914,3788906,531,D,2898.0,2016-04-27
Isf..Oil.Ref..Co.,20160426,2969.0,2975.0,2856.0,2898.0,11304774176,3900567,448,D,2947.0,2016-04-26
Isf..Oil.Ref..Co.,20160425,3070.0,3080.0,2900.0,2947.0,33165510495,11252810,898,D,3014.0,2016-04-25
Isf..Oil.Ref..Co.,20160424,2995.0,3089.0,2900.0,3014.0,12135903178,4026140,606,D,2983.0,2016-04-24
Isf..Oil.Ref..Co.,20160423,3000.0,3038.0,2921.0,2983.0,7603141243,2557488,342,D,3019.0,2016-04-23
Isf..Oil.Ref..Co.,20160420,3040.0,3097.0,2950.0,3019.0,9183568232,3039892,472,D,2956.0,2016-04-20
Isf..Oil.Ref..Co.,20160419,2950.0,3049.0,2825.0,2956.0,14472783237,4896636,637,D,2944.0,2016-04-19
Isf..Oil.Ref..Co.,20160418,2918.0,3030.0,2900.0,2944.0,16161367810,5488668,684,D,2955.0,2016-04-18
Isf..Oil.Ref..Co.,20160417,2913.0,3028.0,2882.0,2955.0,12031075572,4071859,533,D,3032.0,2016-04-17
Isf..Oil.Ref..Co.,20160416,3150.0,3150.0,3022.0,3032.0,14232280574,4694691,364,D,3181.0,2016-04-16
Isf..Oil.Ref..Co.,20160413,3178.0,3240.0,3122.0,3181.0,13135660753,4129979,596,D,3160.0,2016-04-13
Isf..Oil.Ref..Co.,20160412,3198.0,3200.0,3150.0,3160.0,14482153128,4582676,402,D,3155.0,2016-04-12
Isf..Oil.Ref..Co.,20160411,3160.0,3198.0,3147.0,3155.0,7263697588,2303878,338,D,3161.0,2016-04-11
Isf..Oil.Ref..Co.,20160410,3200.0,3210.0,3145.0,3161.0,11026930832,3488838,531,D,3204.0,2016-04-10
Isf..Oil.Ref..Co.,20160409,3252.0,3285.0,3181.0,3204.0,8626708212,2691106,450,D,3192.0,2016-04-09
Isf..Oil.Ref..Co.,20160406,3227.0,3227.0,3180.0,3192.0,10382199206,3253020,476,D,3227.0,2016-04-06
Isf..Oil.Ref..Co.,20160405,3210.0,3279.0,3190.0,3227.0,10864910676,3366906,499,D,3205.0,2016-04-05
Isf..Oil.Ref..Co.,20160404,3187.0,3300.0,3116.0,3205.0,25350476888,7910662,916,D,3175.0,2016-04-04
Isf..Oil.Ref..Co.,20160403,3230.0,3231.0,3168.0,3175.0,24343135127,7665956,985,D,3334.0,2016-04-03
Isf..Oil.Ref..Co.,20160402,3411.0,3430.0,3230.0,3334.0,39845857428,11949855,1533,D,3335.0,2016-04-02
Isf..Oil.Ref..Co.,20160330,3160.0,3357.0,3160.0,3335.0,48885736120,14658557,1248,D,3198.0,2016-03-30
Isf..Oil.Ref..Co.,20160329,3212.0,3225.0,3151.0,3198.0,9719551156,3041615,485,D,3262.0,2016-03-29
Isf..Oil.Ref..Co.,20160328,3215.0,3290.0,3215.0,3262.0,5624140017,1738300,306,D,3294.0,2016-03-28
Isf..Oil.Ref..Co.,20160327,3330.0,3400.0,3250.0,3294.0,7634048948,2315950,426,D,3289.0,2016-03-27
Isf..Oil.Ref..Co.,20160326,3161.0,3328.0,3161.0,3289.0,15539050803,4724897,644,D,3170.0,2016-03-26
Isf..Oil.Ref..Co.,20160316,3289.0,3289.0,3147.0,3170.0,23248452345,7332904,1142,D,3297.0,2016-03-16
Isf..Oil.Ref..Co.,20160315,3180.0,3310.0,3175.0,3297.0,132316848653,40137313,956,D,3196.0,2016-03-15
Isf..Oil.Ref..Co.,20160314,3240.0,3300.0,3120.0,3196.0,38637074519,12090317,1910,D,3280.0,2016-03-14
Isf..Oil.Ref..Co.,20160312,3302.0,3370.0,3220.0,3280.0,131178334485,39994866,1683,D,3339.0,2016-03-12
Isf..Oil.Ref..Co.,20160309,3360.0,3430.0,3294.0,3339.0,38229147448,11450945,1167,D,3381.0,2016-03-09
Isf..Oil.Ref..Co.,20160308,3348.0,3440.0,3301.0,3381.0,41506661895,12274931,1550,D,3318.0,2016-03-08
Isf..Oil.Ref..Co.,20160307,3330.0,3409.0,3247.0,3318.0,31786802931,9578952,1188,D,3348.0,2016-03-07
Isf..Oil.Ref..Co.,20160306,3460.0,3460.0,3268.0,3348.0,43434759990,12973461,1649,D,3407.0,2016-03-06
Isf..Oil.Ref..Co.,20160305,3307.0,3420.0,3282.0,3407.0,84013499685,24658962,2443,D,3258.0,2016-03-05
Isf..Oil.Ref..Co.,20160302,3272.0,3399.0,3199.0,3258.0,38215329912,11730658,1388,D,3350.0,2016-03-02
Isf..Oil.Ref..Co.,20160301,3275.0,3450.0,3226.0,3350.0,145726614880,43494572,2460,D,3395.0,2016-03-01
Isf..Oil.Ref..Co.,20160229,3500.0,3560.0,3374.0,3395.0,52411989998,15438761,1682,D,3551.0,2016-02-29
Isf..Oil.Ref..Co.,20160228,3645.0,3645.0,3400.0,3551.0,128163296513,36092929,2944,D,3472.0,2016-02-28
Isf..Oil.Ref..Co.,20160227,3333.0,3480.0,3320.0,3472.0,82260330749,23694044,1484,D,3315.0,2016-02-27
Isf..Oil.Ref..Co.,20160224,3189.0,3437.0,3130.0,3315.0,80847925183,24391091,2377,D,3279.0,2016-02-24
Isf..Oil.Ref..Co.,20160223,3313.0,3313.0,3129.0,3279.0,134537017140,41035487,2658,D,3156.0,2016-02-23
Isf..Oil.Ref..Co.,20160222,3130.0,3159.0,3072.0,3156.0,76756222031,24319887,1264,D,3009.0,2016-02-22
Isf..Oil.Ref..Co.,20160221,2900.0,3037.0,2783.0,3009.0,139007615035,46194396,1582,D,2893.0,2016-02-21
Isf..Oil.Ref..Co.,20160220,3011.0,3030.0,2836.0,2893.0,45464249382,15713796,1385,D,2985.0,2016-02-20
Isf..Oil.Ref..Co.,20160217,2910.0,3060.0,2891.0,2985.0,48810179597,16350313,1596,D,3006.0,2016-02-17
Isf..Oil.Ref..Co.,20160216,3157.0,3157.0,2956.0,3006.0,33388213069,11106291,1254,D,3111.0,2016-02-16
Isf..Oil.Ref..Co.,20160215,3000.0,3150.0,2985.0,3111.0,85122242128,27363643,1699,D,3259.0,2016-02-15
Isf..Oil.Ref..Co.,20160213,3359.0,3379.0,3126.0,3259.0,8018381171,2465670,358,D,3288.0,2016-02-13
Isf..Oil.Ref..Co.,20160210,3150.0,3322.0,3140.0,3288.0,101164462500,30772139,2149,D,3164.0,2016-02-10
Isf..Oil.Ref..Co.,20160209,3169.0,3169.0,3070.0,3164.0,89033947717,28135317,1366,D,3019.0,2016-02-09
Isf..Oil.Ref..Co.,20160208,2929.0,3061.0,2890.0,3019.0,101284978209,33552627,2204,D,2916.0,2016-02-08
Isf..Oil.Ref..Co.,20160207,2900.0,2986.0,2850.0,2916.0,45735483072,15683037,1678,D,2903.0,2016-02-07
Isf..Oil.Ref..Co.,20160206,2860.0,2995.0,2810.0,2903.0,54723072012,18852293,2145,D,2939.0,2016-02-06
Isf..Oil.Ref..Co.,20160203,3000.0,3000.0,2822.0,2939.0,131750590475,44822327,3616,D,2943.0,2016-02-03
Isf..Oil.Ref..Co.,20160202,2943.0,2943.0,2943.0,2943.0,28873746513,9810991,323,D,2803.0,2016-02-02
Isf..Oil.Ref..Co.,20160201,2780.0,2812.0,2755.0,2803.0,31342708158,11181830,640,D,2679.0,2016-02-01
Isf..Oil.Ref..Co.,20160131,2650.0,2719.0,2510.0,2679.0,87362398748,32611344,2342,D,2590.0,2016-01-31
Isf..Oil.Ref..Co.,20160130,2510.0,2594.0,2506.0,2590.0,56813529049,21936685,1029,D,2471.0,2016-01-30
Isf..Oil.Ref..Co.,20160127,2472.0,2540.0,2381.0,2471.0,36594895853,14808622,1219,D,2424.0,2016-01-27
Isf..Oil.Ref..Co.,20160126,2427.0,2427.0,2372.0,2424.0,23904014769,9862322,420,D,2312.0,2016-01-26
Isf..Oil.Ref..Co.,20160125,2280.0,2364.0,2228.0,2312.0,25130785423,10867897,862,D,2252.0,2016-01-25
Isf..Oil.Ref..Co.,20160124,2200.0,2285.0,2190.0,2252.0,30243131207,13429390,1247,D,2187.0,2016-01-24
Isf..Oil.Ref..Co.,20160123,2197.0,2215.0,2150.0,2187.0,19003483812,8690741,814,D,2128.0,2016-01-23
Isf..Oil.Ref..Co.,20160120,2141.0,2160.0,2080.0,2128.0,15291329564,7186957,803,D,2146.0,2016-01-20
Isf..Oil.Ref..Co.,20160119,2170.0,2220.0,2110.0,2146.0,14536043133,6772977,780,D,2124.0,2016-01-19
Isf..Oil.Ref..Co.,20160118,2120.0,2183.0,2052.0,2124.0,16014039352,7538952,754,D,2159.0,2016-01-18
Isf..Oil.Ref..Co.,20160117,2171.0,2171.0,2068.0,2159.0,71570748882,33153322,2188,D,2068.0,2016-01-17
Isf..Oil.Ref..Co.,20160116,2068.0,2068.0,2068.0,2068.0,12999576216,6286062,168,D,1970.0,2016-01-16
Isf..Oil.Ref..Co.,20160113,1910.0,2006.0,1890.0,1970.0,14270751062,7245354,592,D,1911.0,2016-01-13
Isf..Oil.Ref..Co.,20160112,1926.0,1926.0,1901.0,1911.0,8962053009,4693062,538,D,1930.0,2016-01-12
Isf..Oil.Ref..Co.,20160111,1950.0,1960.0,1911.0,1930.0,14325824059,7420961,629,D,1956.0,2016-01-11
Isf..Oil.Ref..Co.,20160110,1931.0,1949.0,1910.0,1956.0,3379447317,1749037,224,D,1969.0,2016-01-10
Isf..Oil.Ref..Co.,20160109,1999.0,1999.0,1931.0,1969.0,5813012959,2987436,361,D,2004.0,2016-01-09
Isf..Oil.Ref..Co.,20160106,2011.0,2057.0,1999.0,2004.0,6128251478,3045495,454,D,1993.0,2016-01-06
Isf..Oil.Ref..Co.,20160105,1930.0,2020.0,1921.0,1993.0,10664653107,5351346,551,D,1931.0,2016-01-05
Isf..Oil.Ref..Co.,20160104,1918.0,1949.0,1908.0,1931.0,9644470383,4994167,394,D,1930.0,2016-01-04
Isf..Oil.Ref..Co.,20160103,1942.0,1942.0,1913.0,1930.0,4968038353,2583212,295,D,1937.0,2016-01-03
Isf..Oil.Ref..Co.,20160102,1960.0,1960.0,1900.0,1937.0,5339792031,2770711,317,D,1948.0,2016-01-02
Isf..Oil.Ref..Co.,20151230,1966.0,1989.0,1927.0,1948.0,5500917296,2820625,367,D,1944.0,2015-12-30
Isf..Oil.Ref..Co.,20151228,1968.0,1968.0,1917.0,1944.0,3574001305,1852221,237,D,1952.0,2015-12-28
Isf..Oil.Ref..Co.,20151227,1928.0,1974.0,1915.0,1952.0,4438253571,2288276,288,D,1962.0,2015-12-27
Isf..Oil.Ref..Co.,20151226,2000.0,2010.0,1926.0,1962.0,9198257762,4694715,499,D,2001.0,2015-12-26
Isf..Oil.Ref..Co.,20151223,1998.0,2033.0,1980.0,2001.0,17479266510,8733485,426,D,2003.0,2015-12-23
Isf..Oil.Ref..Co.,20151222,2002.0,2020.0,1971.0,2003.0,3705782068,1857980,240,D,2009.0,2015-12-22
Isf..Oil.Ref..Co.,20151221,1962.0,2070.0,1962.0,2009.0,8230803745,4096658,483,D,2007.0,2015-12-21
Isf..Oil.Ref..Co.,20151220,2090.0,2090.0,1990.0,2007.0,9598688170,4783011,471,D,2094.0,2015-12-20
Isf..Oil.Ref..Co.,20151219,2170.0,2170.0,2091.0,2094.0,14018105184,6694785,431,D,2201.0,2015-12-19
Isf..Oil.Ref..Co.,20151216,2227.0,2232.0,2125.0,2201.0,21450852229,9743984,460,D,2189.0,2015-12-16
Isf..Oil.Ref..Co.,20151215,2182.0,2219.0,2171.0,2189.0,3190562260,1456902,273,D,2189.0,2015-12-15
Isf..Oil.Ref..Co.,20151214,2190.0,2190.0,2151.0,2189.0,4665704312,2153023,275,D,2210.0,2015-12-14
Isf..Oil.Ref..Co.,20151213,2270.0,2270.0,2188.0,2210.0,15894529772,7193631,769,D,2303.0,2015-12-13
Isf..Oil.Ref..Co.,20151209,2260.0,2301.0,2260.0,2303.0,3370827638,1475700,177,D,2312.0,2015-12-09
Isf..Oil.Ref..Co.,20151208,2281.0,2320.0,2247.0,2312.0,31979211841,13830904,292,D,2296.0,2015-12-08
Isf..Oil.Ref..Co.,20151207,2280.0,2317.0,2238.0,2296.0,20837155877,9074748,363,D,2292.0,2015-12-07
Isf..Oil.Ref..Co.,20151206,2270.0,2312.0,2243.0,2292.0,24955231783,10888303,445,D,2290.0,2015-12-06
Isf..Oil.Ref..Co.,20151205,2293.0,2293.0,2261.0,2290.0,3703655158,1629379,252,D,2300.0,2015-12-05
Isf..Oil.Ref..Co.,20151201,2291.0,2304.0,2265.0,2300.0,5252654097,2299508,255,D,2318.0,2015-12-01
Isf..Oil.Ref..Co.,20151130,2276.0,2329.0,2276.0,2318.0,4156522835,1806677,295,D,2331.0,2015-11-30
Isf..Oil.Ref..Co.,20151129,2270.0,2336.0,2268.0,2331.0,26105348095,11200406,274,D,2313.0,2015-11-29
Isf..Oil.Ref..Co.,20151128,2277.0,2342.0,2265.0,2313.0,3526424837,1540999,282,D,2326.0,2015-11-28
Isf..Oil.Ref..Co.,20151125,2340.0,2350.0,2300.0,2326.0,37339493974,16055853,339,D,2299.0,2015-11-25
Isf..Oil.Ref..Co.,20151124,2289.0,2347.0,2245.0,2299.0,25176222639,10948689,652,D,2268.0,2015-11-24
Isf..Oil.Ref..Co.,20151123,2298.0,2301.0,2240.0,2268.0,11900590232,5247420,642,D,2272.0,2015-11-23
Isf..Oil.Ref..Co.,20151122,2300.0,2300.0,2261.0,2272.0,11925100854,5249289,658,D,2325.0,2015-11-22
Isf..Oil.Ref..Co.,20151121,2303.0,2340.0,2271.0,2325.0,42723308853,18374830,867,D,2336.0,2015-11-21
Isf..Oil.Ref..Co.,20151118,2311.0,2350.0,2301.0,2336.0,29548440081,12647559,399,D,2340.0,2015-11-18
Isf..Oil.Ref..Co.,20151117,2355.0,2363.0,2317.0,2340.0,13982180786,5975434,644,D,2398.0,2015-11-17
Isf..Oil.Ref..Co.,20151116,2390.0,2446.0,2346.0,2398.0,31472092392,13122927,801,D,2383.0,2015-11-16
Isf..Oil.Ref..Co.,20151115,2351.0,2401.0,2336.0,2383.0,46917038713,19684382,1201,D,2456.0,2015-11-15
Isf..Oil.Ref..Co.,20151114,2431.0,2500.0,2412.0,2456.0,3897624890,1589135,257,D,2458.0,2015-11-14
Isf..Oil.Ref..Co.,20151111,2430.0,2450.0,2421.0,2458.0,2121123181,871338,142,D,2464.0,2015-11-11
Isf..Oil.Ref..Co.,20151110,2431.0,2500.0,2431.0,2464.0,2497595167,1016722,214,D,2466.0,2015-11-10
Isf..Oil.Ref..Co.,20151109,2445.0,2496.0,2420.0,2466.0,13588132296,5509966,130,D,2442.0,2015-11-09
Isf..Oil.Ref..Co.,20151108,2470.0,2500.0,2442.0,2442.0,2486967826,1006394,202,D,2433.0,2015-11-08
Isf..Oil.Ref..Co.,20151107,2412.0,2530.0,2402.0,2433.0,14918973234,6132282,278,D,2428.0,2015-11-07
Isf..Oil.Ref..Co.,20151104,2452.0,2479.0,2420.0,2428.0,1948524643,795833,176,D,2423.0,2015-11-04
Isf..Oil.Ref..Co.,20151103,2400.0,2490.0,2383.0,2423.0,3485643571,1429498,281,D,2415.0,2015-11-03
Isf..Oil.Ref..Co.,20151102,2408.0,2434.0,2394.0,2415.0,2503684697,1042909,150,D,2420.0,2015-11-02
Isf..Oil.Ref..Co.,20151101,2435.0,2435.0,2394.0,2420.0,4518466871,1881781,281,D,2436.0,2015-11-01
Isf..Oil.Ref..Co.,20151031,2450.0,2450.0,2402.0,2436.0,3435881118,1416270,202,D,2442.0,2015-10-31
Isf..Oil.Ref..Co.,20151028,2450.0,2457.0,2401.0,2442.0,3558652260,1470250,203,D,2454.0,2015-10-28
Isf..Oil.Ref..Co.,20151027,2475.0,2497.0,2421.0,2454.0,6797859130,2770546,236,D,2454.0,2015-10-27
Isf..Oil.Ref..Co.,20151026,2361.0,2476.0,2361.0,2454.0,2336969785,958359,199,D,2459.0,2015-10-26
Isf..Oil.Ref..Co.,20151025,2452.0,2480.0,2395.0,2459.0,5138574333,2133148,289,D,2516.0,2015-10-25
Isf..Oil.Ref..Co.,20151021,2533.0,2533.0,2450.0,2516.0,3589372657,1453639,236,D,2542.0,2015-10-21
Isf..Oil.Ref..Co.,20151020,2503.0,2575.0,2480.0,2542.0,19723876194,7760259,413,D,2545.0,2015-10-20
Isf..Oil.Ref..Co.,20151019,2510.0,2590.0,2472.0,2545.0,4279161238,1693379,267,D,2557.0,2015-10-19
Isf..Oil.Ref..Co.,20151018,2589.0,2638.0,2455.0,2557.0,14060893730,5499835,676,D,2517.0,2015-10-18
Isf..Oil.Ref..Co.,20151017,2439.0,2537.0,2426.0,2517.0,21258308125,8444419,662,D,2417.0,2015-10-17
Isf..Oil.Ref..Co.,20151014,2433.0,2470.0,2371.0,2417.0,6435726021,2652168,324,D,2401.0,2015-10-14
Isf..Oil.Ref..Co.,20151013,2390.0,2435.0,2354.0,2401.0,8402069104,3497316,227,D,2393.0,2015-10-13
Isf..Oil.Ref..Co.,20151012,2395.0,2401.0,2365.0,2393.0,23535196849,9834910,366,D,2396.0,2015-10-12
Isf..Oil.Ref..Co.,20151011,2378.0,2398.0,2350.0,2396.0,2624322909,1104945,176,D,2404.0,2015-10-11
Isf..Oil.Ref..Co.,20151010,2400.0,2433.0,2363.0,2404.0,2823661512,1176970,242,D,2406.0,2015-10-10
Isf..Oil.Ref..Co.,20151007,2332.0,2459.0,2332.0,2406.0,39630976587,16473953,744,D,2383.0,2015-10-07
Isf..Oil.Ref..Co.,20151006,2400.0,2400.0,2331.0,2383.0,1598374053,676988,163,D,2387.0,2015-10-06
Isf..Oil.Ref..Co.,20151005,2373.0,2417.0,2373.0,2387.0,18650718270,7813856,394,D,2371.0,2015-10-05
Isf..Oil.Ref..Co.,20151004,2380.0,2390.0,2336.0,2371.0,4647846596,1966162,216,D,2377.0,2015-10-04
Isf..Oil.Ref..Co.,20151003,2410.0,2410.0,2330.0,2377.0,2110099674,902484,151,D,2388.0,2015-10-03
Isf..Oil.Ref..Co.,20150930,2400.0,2420.0,2360.0,2388.0,3587521960,1497277,199,D,2383.0,2015-09-30
Isf..Oil.Ref..Co.,20150929,2420.0,2421.0,2385.0,2383.0,2350262199,975997,132,D,2376.0,2015-09-29
Isf..Oil.Ref..Co.,20150928,2414.0,2422.0,2370.0,2376.0,3941944858,1639557,207,D,2359.0,2015-09-28
Isf..Oil.Ref..Co.,20150927,2333.0,2420.0,2305.0,2359.0,6207456898,2624171,273,D,2348.0,2015-09-27
Isf..Oil.Ref..Co.,20150926,2390.0,2391.0,2300.0,2348.0,3864417449,1655360,194,D,2356.0,2015-09-26
Isf..Oil.Ref..Co.,20150923,2370.0,2419.0,2321.0,2356.0,4967653213,2078387,351,D,2321.0,2015-09-23
Isf..Oil.Ref..Co.,20150922,2270.0,2370.0,2260.0,2321.0,5202578808,2219188,379,D,2294.0,2015-09-22
Isf..Oil.Ref..Co.,20150921,2325.0,2350.0,2290.0,2294.0,26372293062,11498484,743,D,2410.0,2015-09-21
Isf..Oil.Ref..Co.,20150920,2362.0,2428.0,2301.0,2410.0,99857889783,41436959,531,D,2422.0,2015-09-20
Isf..Oil.Ref..Co.,20150919,2496.0,2496.0,2351.0,2422.0,3155764715,1321850,254,D,2438.0,2015-09-19
Isf..Oil.Ref..Co.,20150916,2447.0,2447.0,2399.0,2438.0,4422917927,1832911,282,D,2460.0,2015-09-16
Isf..Oil.Ref..Co.,20150915,2500.0,2500.0,2398.0,2460.0,5970270106,2463411,394,D,2524.0,2015-09-15
Isf..Oil.Ref..Co.,20150914,2540.0,2580.0,2480.0,2524.0,7010122527,2776296,366,D,2523.0,2015-09-14
Isf..Oil.Ref..Co.,20150913,2589.0,2589.0,2460.0,2523.0,4932860749,1994999,345,D,2576.0,2015-09-13
Isf..Oil.Ref..Co.,20150912,2581.0,2644.0,2540.0,2576.0,5712868531,2217395,404,D,2576.0,2015-09-12
Isf..Oil.Ref..Co.,20150909,2536.0,2655.0,2496.0,2576.0,15415111216,5985000,757,D,2566.0,2015-09-09
Isf..Oil.Ref..Co.,20150908,2600.0,2600.0,2535.0,2566.0,6534916618,2549096,288,D,2570.0,2015-09-08
Isf..Oil.Ref..Co.,20150907,2562.0,2620.0,2540.0,2570.0,6853224840,2660236,432,D,2559.0,2015-09-07
Isf..Oil.Ref..Co.,20150906,2580.0,2620.0,2520.0,2559.0,6913601322,2692144,318,D,2540.0,2015-09-06
Isf..Oil.Ref..Co.,20150905,2579.0,2620.0,2545.0,2540.0,3882230270,1503880,320,D,2514.0,2015-09-05
Isf..Oil.Ref..Co.,20150902,2490.0,2588.0,2490.0,2514.0,5317928765,2101879,373,D,2496.0,2015-09-02
Isf..Oil.Ref..Co.,20150901,2450.0,2501.0,2450.0,2496.0,17912434926,7175369,268,D,2462.0,2015-09-01
Isf..Oil.Ref..Co.,20150831,2480.0,2485.0,2430.0,2462.0,3023801448,1235579,209,D,2469.0,2015-08-31
Isf..Oil.Ref..Co.,20150830,2480.0,2517.0,2430.0,2469.0,5452200571,2208050,278,D,2469.0,2015-08-30
Isf..Oil.Ref..Co.,20150829,2485.0,2540.0,2440.0,2469.0,6372191329,2566853,362,D,2446.0,2015-08-29
Isf..Oil.Ref..Co.,20150826,2448.0,2479.0,2435.0,2446.0,7326434341,2989907,392,D,2435.0,2015-08-26
Isf..Oil.Ref..Co.,20150825,2420.0,2488.0,2370.0,2435.0,6828531540,2831283,488,D,2488.0,2015-08-25
Isf..Oil.Ref..Co.,20150824,2462.0,2490.0,2380.0,2488.0,132037148162,53079120,552,D,2428.0,2015-08-24
Isf..Oil.Ref..Co.,20150823,2405.0,2490.0,2381.0,2428.0,5667307888,2314941,474,D,2401.0,2015-08-23
Isf..Oil.Ref..Co.,20150822,2400.0,2450.0,2377.0,2401.0,10336559640,4305506,502,D,2456.0,2015-08-22
Isf..Oil.Ref..Co.,20150819,2518.0,2545.0,2415.0,2456.0,11969724176,4873918,524,D,2518.0,2015-08-19
Isf..Oil.Ref..Co.,20150818,2500.0,2588.0,2420.0,2518.0,73492550917,29185533,812,D,2525.0,2015-08-18
Isf..Oil.Ref..Co.,20150817,2573.0,2573.0,2485.0,2525.0,7480008630,2978768,600,D,2594.0,2015-08-17
Isf..Oil.Ref..Co.,20150816,2690.0,2690.0,2563.0,2594.0,14943580132,5761612,809,D,2697.0,2015-08-16
Isf..Oil.Ref..Co.,20150815,2799.0,2799.0,2670.0,2697.0,22529483130,8353835,957,D,2806.0,2015-08-15
Isf..Oil.Ref..Co.,20150812,2837.0,2866.0,2755.0,2806.0,39373232040,14032134,1543,D,2789.0,2015-08-12
Isf..Oil.Ref..Co.,20150810,2812.0,2830.0,2697.0,2789.0,75594002839,27107916,1519,D,2695.0,2015-08-10
Isf..Oil.Ref..Co.,20150720,6290.0,6297.0,5940.0,5971.0,90019437143,15076464,1995,D,6252.0,2015-07-20
Isf..Oil.Ref..Co.,20150715,6488.0,6499.0,6076.0,6252.0,90682412322,14504747,2076,D,6394.0,2015-07-15
Isf..Oil.Ref..Co.,20150714,6439.0,6439.0,6160.0,6394.0,177114904862,27699425,2668,D,6133.0,2015-07-14
Isf..Oil.Ref..Co.,20150713,6133.0,6133.0,6120.0,6133.0,50479493311,8231076,614,D,5841.0,2015-07-13
Isf..Oil.Ref..Co.,20150712,5739.0,5848.0,5731.0,5841.0,81563431851,13962857,1373,D,5570.0,2015-07-12
Isf..Oil.Ref..Co.,20150711,5490.0,5680.0,5350.0,5570.0,21016767005,3773109,714,D,5597.0,2015-07-11
Isf..Oil.Ref..Co.,20150707,5555.0,5725.0,5522.0,5597.0,30789749130,5501245,853,D,5486.0,2015-07-07
Isf..Oil.Ref..Co.,20150706,5390.0,5549.0,5363.0,5486.0,27501155447,5013028,789,D,5373.0,2015-07-06
Isf..Oil.Ref..Co.,20150705,5498.0,5498.0,5300.0,5373.0,15579679010,2899741,669,D,5506.0,2015-07-05
Isf..Oil.Ref..Co.,20150704,5390.0,5585.0,5330.0,5506.0,31468004235,5715236,1012,D,5320.0,2015-07-04
Isf..Oil.Ref..Co.,20150701,5359.0,5400.0,5240.0,5320.0,21550457212,4051166,879,D,5332.0,2015-07-01
Isf..Oil.Ref..Co.,20150630,5150.0,5365.0,5150.0,5332.0,41218961617,7730213,1194,D,5110.0,2015-06-30
Isf..Oil.Ref..Co.,20150629,5000.0,5189.0,5000.0,5110.0,9943690021,1945989,450,D,5031.0,2015-06-29
Isf..Oil.Ref..Co.,20150628,5065.0,5120.0,4975.0,5031.0,21555756581,4284763,605,D,5178.0,2015-06-28
Isf..Oil.Ref..Co.,20150627,5201.0,5280.0,5050.0,5178.0,24808144223,4790763,1020,D,5188.0,2015-06-27
Isf..Oil.Ref..Co.,20150624,5197.0,5197.0,4706.0,5188.0,252774735930,48723112,3513,D,4950.0,2015-06-24
Isf..Oil.Ref..Co.,20150623,5184.0,5184.0,5184.0,4950.0,532697472,102758,48,D,4938.0,2015-06-23
Isf..Oil.Ref..Co.,20150622,4938.0,4938.0,4938.0,4938.0,10580129172,2142594,55,D,4703.0,2015-06-22
Isf..Oil.Ref..Co.,20150616,4682.0,4787.0,4682.0,4703.0,3598695951,758996,174,D,4682.0,2015-06-16
Isf..Oil.Ref..Co.,20150615,4609.0,4794.0,4535.0,4682.0,2175779421,467433,125,D,4690.0,2015-06-15
Isf..Oil.Ref..Co.,20150614,4697.0,4701.0,4603.0,4690.0,1641055431,352073,153,D,4696.0,2015-06-14
Isf..Oil.Ref..Co.,20150613,4689.0,4800.0,4640.0,4696.0,2251085212,476988,141,D,4689.0,2015-06-13
Isf..Oil.Ref..Co.,20150610,4720.0,4730.0,4601.0,4689.0,3233861126,694696,227,D,4707.0,2015-06-10
Isf..Oil.Ref..Co.,20150609,4726.0,4830.0,4588.0,4707.0,14687336585,3120189,661,D,4828.0,2015-06-09
Isf..Oil.Ref..Co.,20150608,4848.0,4874.0,4746.0,4828.0,3909156747,817975,237,D,4861.0,2015-06-08
Isf..Oil.Ref..Co.,20150607,4801.0,4911.0,4781.0,4861.0,5997104888,1237629,307,D,4884.0,2015-06-07
Isf..Oil.Ref..Co.,20150606,4811.0,4910.0,4811.0,4884.0,5031868067,1030135,259,D,4883.0,2015-06-06
Isf..Oil.Ref..Co.,20150602,4898.0,4910.0,4781.0,4883.0,6719277127,1372931,381,D,4860.0,2015-06-02
Isf..Oil.Ref..Co.,20150601,4800.0,4900.0,4750.0,4860.0,7859291503,1614779,541,D,4835.0,2015-06-01
Isf..Oil.Ref..Co.,20150531,4852.0,4925.0,4800.0,4835.0,9683628144,2003486,313,D,4919.0,2015-05-31
Isf..Oil.Ref..Co.,20150530,4851.0,4988.0,4810.0,4919.0,18846141310,3831559,737,D,4871.0,2015-05-30
Isf..Oil.Ref..Co.,20150527,4900.0,4900.0,4810.0,4871.0,6794804153,1397989,423,D,4891.0,2015-05-27
Isf..Oil.Ref..Co.,20150526,4880.0,4940.0,4805.0,4891.0,32044499026,6552078,1057,D,4873.0,2015-05-26
Isf..Oil.Ref..Co.,20150525,4731.0,4890.0,4731.0,4873.0,495314520540,101642925,627,D,4667.0,2015-05-25
Isf..Oil.Ref..Co.,20150524,4675.0,4729.0,4600.0,4667.0,7094503462,1520883,374,D,4674.0,2015-05-24
Isf..Oil.Ref..Co.,20150523,4762.0,4762.0,4561.0,4674.0,6833997537,1470695,281,D,4738.0,2015-05-23
Isf..Oil.Ref..Co.,20150520,4670.0,4800.0,4660.0,4738.0,6724630570,1417124,398,D,4724.0,2015-05-20
Isf..Oil.Ref..Co.,20150519,4650.0,4792.0,4640.0,4724.0,9200464854,1948168,521,D,4743.0,2015-05-19
Isf..Oil.Ref..Co.,20150518,4798.0,4829.0,4611.0,4743.0,5284637437,1124226,339,D,4792.0,2015-05-18
Isf..Oil.Ref..Co.,20150517,4850.0,4860.0,4625.0,4792.0,31118476401,6493212,999,D,4780.0,2015-05-17
Isf..Oil.Ref..Co.,20150513,4782.0,4782.0,4782.0,4780.0,10176636366,2128113,116,D,4599.0,2015-05-13
Isf..Oil.Ref..Co.,20150512,4690.0,4695.0,4670.0,4599.0,4857007505,1035696,202,D,4515.0,2015-05-12
Isf..Oil.Ref..Co.,20150511,4408.0,4553.0,4342.0,4515.0,11196147179,2479723,339,D,4378.0,2015-05-11
Isf..Oil.Ref..Co.,20150510,4500.0,4500.0,4332.0,4378.0,21715469370,4960255,691,D,4512.0,2015-05-10
Isf..Oil.Ref..Co.,20150509,4650.0,4730.0,4458.0,4512.0,17997603355,3988712,639,D,4643.0,2015-05-09
Isf..Oil.Ref..Co.,20150506,4715.0,4752.0,4598.0,4643.0,17348907922,3736754,938,D,4788.0,2015-05-06
Isf..Oil.Ref..Co.,20150505,4851.0,4999.0,4705.0,4788.0,22289154531,4655010,962,D,4896.0,2015-05-05
Isf..Oil.Ref..Co.,20150504,5080.0,5080.0,4888.0,4896.0,30508539950,6231130,1056,D,5091.0,2015-05-04
Isf..Oil.Ref..Co.,20150503,5310.0,5310.0,5041.0,5091.0,24753770380,4862711,1026,D,5251.0,2015-05-03
Isf..Oil.Ref..Co.,20150429,5200.0,5394.0,5141.0,5251.0,24705993797,4704629,1577,D,5235.0,2015-04-29
Isf..Oil.Ref..Co.,20150428,5231.0,5320.0,5231.0,5235.0,91118633746,17405588,2612,D,5448.0,2015-04-28
Isf..Oil.Ref..Co.,20150427,5396.0,5396.0,5396.0,5448.0,7405713220,1372445,152,D,5620.0,2015-04-27
Isf..Oil.Ref..Co.,20150426,5780.0,5780.0,5554.0,5620.0,41921060838,7458728,1799,D,5785.0,2015-04-26
Isf..Oil.Ref..Co.,20150425,5744.0,5818.0,5650.0,5785.0,133909656401,23146343,5961,D,5595.0,2015-04-25
Isf..Oil.Ref..Co.,20150422,5725.0,5900.0,5496.0,5595.0,438803343290,78427067,9784,D,4969.0,2015-04-22
Isf..Oil.Ref..Co.,20150420,4969.0,4969.0,4969.0,4969.0,14736965789,2965781,180,D,4778.0,2015-04-20
Isf..Oil.Ref..Co.,20150419,4804.0,4804.0,4804.0,4778.0,9105953176,1895494,129,D,4620.0,2015-04-19
Isf..Oil.Ref..Co.,20150418,4699.0,4699.0,4699.0,4620.0,5826938562,1240038,86,D,4519.0,2015-04-18
Isf..Oil.Ref..Co.,20150415,4698.0,4698.0,4698.0,4519.0,43686702,9299,10,D,4518.0,2015-04-15
Isf..Oil.Ref..Co.,20150414,4694.0,4694.0,4694.0,4518.0,244261678,52037,12,D,4514.0,2015-04-14
Isf..Oil.Ref..Co.,20150413,4342.0,4515.0,4342.0,4514.0,204542696,45313,34,D,4021.0,2015-04-13
Isf..Oil.Ref..Co.,20150412,4180.0,4180.0,4180.0,4021.0,75093700,17965,17,D,4020.0,2015-04-12
Isf..Oil.Ref..Co.,20150411,4176.0,4176.0,4176.0,4020.0,279829584,67009,14,D,4016.0,2015-04-11
Isf..Oil.Ref..Co.,20150408,4175.0,4175.0,4175.0,4016.0,79517050,19046,14,D,4015.0,2015-04-08
Isf..Oil.Ref..Co.,20150407,4175.0,4175.0,4175.0,4015.0,8604675,2061,12,D,4015.0,2015-04-07
Isf..Oil.Ref..Co.,20150406,4168.0,4168.0,4168.0,4015.0,459067688,110141,14,D,4008.0,2015-04-06
Isf..Oil.Ref..Co.,20150405,3854.0,4008.0,3854.0,4008.0,878373086,219155,39,D,3569.0,2015-04-05
Isf..Oil.Ref..Co.,20150404,3710.0,3710.0,3710.0,3569.0,41340530,11143,30,D,3568.0,2015-04-04
Isf..Oil.Ref..Co.,20150331,3649.0,3649.0,3649.0,3568.0,4619243557,1265893,38,D,3509.0,2015-03-31
Isf..Oil.Ref..Co.,20150330,3557.0,3557.0,3557.0,3509.0,6860026643,1928599,65,D,3421.0,2015-03-30
Isf..Oil.Ref..Co.,20150329,3492.0,3492.0,3492.0,3421.0,4914253188,1407289,47,D,3358.0,2015-03-29
Isf..Oil.Ref..Co.,20150328,3489.0,3489.0,3489.0,3358.0,195991086,56174,21,D,3355.0,2015-03-28
Isf..Oil.Ref..Co.,20150325,3421.0,3421.0,3421.0,3355.0,5142361675,1503175,80,D,3290.0,2015-03-25
Isf..Oil.Ref..Co.,20150318,3360.0,3360.0,3360.0,3290.0,4743805920,1411847,65,D,3231.0,2015-03-18
Isf..Oil.Ref..Co.,20150317,3165.0,3291.0,3165.0,3231.0,27188449391,8415121,710,D,9751.0,2015-03-17
Isf..Oil.Ref..Co.,20140310,26820.0,27075.0,26790.0,27031.0,191520346319,7085296,1655,D,27070.0,2014-03-10
Isf..Oil.Ref..Co.,20140309,27273.0,27273.0,26603.0,27070.0,1132043840405,41818928,744,D,27274.0,2014-03-09
Isf..Oil.Ref..Co.,20140308,27500.0,27700.0,26891.0,27274.0,27670780416,1011520,858,D,27148.0,2014-03-08
Isf..Oil.Ref..Co.,20140305,26611.0,27700.0,26611.0,27148.0,30664493508,1120261,1035,D,26685.0,2014-03-05
Isf..Oil.Ref..Co.,20140304,26200.0,27035.0,26006.0,26685.0,27020163203,1015219,873,D,26793.0,2014-03-04
Isf..Oil.Ref..Co.,20140303,26800.0,26800.0,26200.0,26793.0,25199954806,953749,874,D,27290.0,2014-03-03
Isf..Oil.Ref..Co.,20140302,27900.0,27900.0,26701.0,27290.0,1166736365668,42753279,1574,D,27436.0,2014-03-02
Isf..Oil.Ref..Co.,20140301,27520.0,27592.0,27001.0,27436.0,1255936912484,45777162,2071,D,26531.0,2014-03-01
Isf..Oil.Ref..Co.,20140226,25480.0,26624.0,24650.0,26531.0,119819348806,4516246,1364,D,25600.0,2014-02-26
Isf..Oil.Ref..Co.,20140225,25411.0,25411.0,24901.0,25600.0,12837933985,513369,515,D,25864.0,2014-02-25
Isf..Oil.Ref..Co.,20140224,25720.0,26035.0,25413.0,25864.0,38106731298,1477605,538,D,26453.0,2014-02-24
Isf..Oil.Ref..Co.,20140223,26300.0,26400.0,25850.0,26453.0,16452261799,632277,621,D,26718.0,2014-02-23
Isf..Oil.Ref..Co.,20140222,26900.0,27000.0,26000.0,26718.0,20764946801,776505,617,D,26698.0,2014-02-22
Isf..Oil.Ref..Co.,20140219,26200.0,26975.0,26000.0,26698.0,1147814187576,42992132,1275,D,25938.0,2014-02-19
Isf..Oil.Ref..Co.,20140218,26000.0,26140.0,25300.0,25938.0,1083148327747,41758691,386,D,26074.0,2014-02-18
Isf..Oil.Ref..Co.,20140217,26490.0,26596.0,25700.0,26074.0,29524581311,1121958,766,D,25574.0,2014-02-17
Isf..Oil.Ref..Co.,20140216,25411.0,26255.0,25302.0,25574.0,1083019526778,42348130,642,D,25246.0,2014-02-16
Isf..Oil.Ref..Co.,20140215,24600.0,25995.0,24600.0,25246.0,12739034331,504701,392,D,25249.0,2014-02-15
Isf..Oil.Ref..Co.,20140212,25600.0,25600.0,25247.0,25249.0,73647560249,2916859,706,D,26298.0,2014-02-12
Isf..Oil.Ref..Co.,20140210,26650.0,26650.0,25600.0,26298.0,22486580769,860830,592,D,26487.0,2014-02-10
Isf..Oil.Ref..Co.,20140209,25500.0,27000.0,25500.0,26487.0,23458144277,885007,734,D,26465.0,2014-02-09
Isf..Oil.Ref..Co.,20140208,26020.0,26020.0,25904.0,26465.0,20836851123,804199,382,D,26983.0,2014-02-08
Isf..Oil.Ref..Co.,20140205,26720.0,27000.0,26415.0,26983.0,22152665494,837277,585,D,27515.0,2014-02-05
Isf..Oil.Ref..Co.,20140204,27180.0,27600.0,26400.0,27515.0,835108875707,30351450,909,D,27222.0,2014-02-04
Isf..Oil.Ref..Co.,20140203,26990.0,27500.0,26401.0,27222.0,14980823626,557977,484,D,27411.0,2014-02-03
Isf..Oil.Ref..Co.,20140202,28299.0,28299.0,26918.0,27411.0,28199748728,1043006,811,D,28039.0,2014-02-02
Isf..Oil.Ref..Co.,20140201,28250.0,28700.0,27700.0,28039.0,72011232833,2568237,1780,D,27887.0,2014-02-01
Isf..Oil.Ref..Co.,20140129,27980.0,28000.0,27451.0,27887.0,1215794219079,43596921,1426,D,27525.0,2014-01-29
Isf..Oil.Ref..Co.,20140128,27601.0,28150.0,27350.0,27525.0,1173408356142,42630827,855,D,27358.0,2014-01-28
Isf..Oil.Ref..Co.,20140127,27000.0,27500.0,25743.0,27358.0,1168858065077,42725235,949,D,26786.0,2014-01-27
Isf..Oil.Ref..Co.,20140126,27670.0,27670.0,26000.0,26786.0,16409614668,614282,562,D,26828.0,2014-01-26
Isf..Oil.Ref..Co.,20140125,26100.0,27132.0,26100.0,26828.0,27557030004,1024782,477,D,26727.0,2014-01-25
Isf..Oil.Ref..Co.,20140122,26360.0,27390.0,26000.0,26727.0,15989463327,604743,616,D,26891.0,2014-01-22
Isf..Oil.Ref..Co.,20140121,27119.0,27750.0,26300.0,26891.0,1122331602198,41736606,549,D,26833.0,2014-01-21
Isf..Oil.Ref..Co.,20140120,27000.0,27000.0,26400.0,26833.0,15709123937,590181,585,D,26952.0,2014-01-20
Isf..Oil.Ref..Co.,20140118,26999.0,27200.0,26232.0,26952.0,24599565182,915639,715,D,27058.0,2014-01-18
Isf..Oil.Ref..Co.,20140115,27400.0,27400.0,26901.0,27058.0,1137074214089,42023546,636,D,27686.0,2014-01-15
Isf..Oil.Ref..Co.,20140114,27820.0,28000.0,27200.0,27686.0,11979722417,434940,489,D,27737.0,2014-01-14
Isf..Oil.Ref..Co.,20140113,28000.0,28199.0,27500.0,27737.0,31860372360,1139920,716,D,27275.0,2014-01-13
Isf..Oil.Ref..Co.,20140112,29300.0,29300.0,27261.0,27275.0,1197999630518,43923145,1084,D,28396.0,2014-01-12
Isf..Oil.Ref..Co.,20140111,28200.0,28434.0,27999.0,28396.0,48774200778,1717647,1079,D,27341.0,2014-01-11
Isf..Oil.Ref..Co.,20140108,27100.0,28200.0,26860.0,27341.0,55317805693,2023242,1067,D,27332.0,2014-01-08
Isf..Oil.Ref..Co.,20140107,27501.0,27650.0,27150.0,27332.0,57440965326,2101591,863,D,27794.0,2014-01-07
Isf..Oil.Ref..Co.,20140106,28470.0,28470.0,27400.0,27794.0,66776822519,2402574,1350,D,28478.0,2014-01-06
Isf..Oil.Ref..Co.,20140105,28399.0,28690.0,28000.0,28478.0,19605173509,692590,628,D,28599.0,2014-01-05
Isf..Oil.Ref..Co.,20140104,29500.0,29500.0,27901.0,28599.0,31657411517,1105464,901,D,28523.0,2014-01-04
Isf..Oil.Ref..Co.,20140101,28101.0,29049.0,28101.0,28523.0,28394781477,987389,832,D,28182.0,2014-01-01
Isf..Oil.Ref..Co.,20131230,28000.0,28600.0,28000.0,28182.0,27497553897,974230,765,D,28122.0,2013-12-30
Isf..Oil.Ref..Co.,20131229,28000.0,28300.0,27951.0,28122.0,41034563698,1461756,993,D,28484.0,2013-12-29
Isf..Oil.Ref..Co.,20131228,28160.0,29000.0,28001.0,28484.0,30209696713,1067686,946,D,28823.0,2013-12-28
Isf..Oil.Ref..Co.,20131225,29000.0,29010.0,28330.0,28823.0,74371422269,2580319,946,D,28812.0,2013-12-25
Isf..Oil.Ref..Co.,20131224,29000.0,29199.0,28650.0,28812.0,25973694352,897561,812,D,28665.0,2013-12-24
Isf..Oil.Ref..Co.,20131222,28300.0,29111.0,28200.0,28665.0,24334320107,842994,770,D,28458.0,2013-12-22
Isf..Oil.Ref..Co.,20131221,28713.0,28900.0,28000.0,28458.0,49259849015,1730979,1102,D,28897.0,2013-12-21
Isf..Oil.Ref..Co.,20131218,28897.0,29028.0,28600.0,28897.0,74432259793,2575778,1390,D,28922.0,2013-12-18
Isf..Oil.Ref..Co.,20131217,29200.0,29200.0,28612.0,28922.0,42073236074,1456324,1071,D,29143.0,2013-12-17
Isf..Oil.Ref..Co.,20131216,29450.0,29630.0,28901.0,29143.0,58275094725,1999617,1640,D,29451.0,2013-12-16
Isf..Oil.Ref..Co.,20131215,29100.0,29999.0,29100.0,29451.0,45086566584,1530472,1324,D,29353.0,2013-12-15
Isf..Oil.Ref..Co.,20131214,29500.0,29950.0,29000.0,29353.0,34909465535,1187730,1114,D,29255.0,2013-12-14
Isf..Oil.Ref..Co.,20131211,29130.0,29700.0,29001.0,29255.0,42615357305,1462608,1347,D,30113.0,2013-12-11
Isf..Oil.Ref..Co.,20131210,30950.0,30950.0,29400.0,30113.0,58765380941,1951516,1759,D,30206.0,2013-12-10
Isf..Oil.Ref..Co.,20131209,29999.0,30245.0,29102.0,30206.0,78998791016,2615352,1040,D,29082.0,2013-12-09
Isf..Oil.Ref..Co.,20131208,29310.0,29390.0,28800.0,29082.0,45839248875,1578225,1353,D,29760.0,2013-12-08
Isf..Oil.Ref..Co.,20131207,30600.0,30600.0,29202.0,29760.0,42415813432,1428991,1307,D,30231.0,2013-12-07
Isf..Oil.Ref..Co.,20131204,30600.0,30900.0,29501.0,30231.0,37857799965,1251161,1190,D,30150.0,2013-12-04
Isf..Oil.Ref..Co.,20131203,30290.0,30598.0,29850.0,30150.0,85140435502,2823917,1954,D,29424.0,2013-12-03
Isf..Oil.Ref..Co.,20131202,29450.0,29970.0,28650.0,29424.0,63097776321,2144449,1558,D,29207.0,2013-12-02
Isf..Oil.Ref..Co.,20131201,28599.0,29466.0,28303.0,29207.0,77366727937,2648944,1757,D,28333.0,2013-12-01
Isf..Oil.Ref..Co.,20131130,28410.0,28988.0,28140.0,28333.0,57074489499,2014404,1616,D,28291.0,2013-11-30
Isf..Oil.Ref..Co.,20131127,28211.0,29000.0,28000.0,28291.0,87295091452,3085615,2271,D,29154.0,2013-11-27
Isf..Oil.Ref..Co.,20131126,29898.0,29898.0,28800.0,29154.0,43448897025,1492154,1333,D,29461.0,2013-11-26
Isf..Oil.Ref..Co.,20131125,29100.0,30000.0,28001.0,29461.0,95057921044,3226586,2283,D,29040.0,2013-11-25
Isf..Oil.Ref..Co.,20131124,29999.0,29999.0,28889.0,29040.0,117379752205,4042055,2842,D,30091.0,2013-11-24
Isf..Oil.Ref..Co.,20131123,31399.0,31399.0,29983.0,30091.0,129437363922,4301488,1966,D,31232.0,2013-11-23
Isf..Oil.Ref..Co.,20131120,31503.0,31503.0,30780.0,31232.0,98230140292,3145129,1438,D,30481.0,2013-11-20
Isf..Oil.Ref..Co.,20131119,29450.0,30508.0,29450.0,30481.0,82925911134,2720596,796,D,29335.0,2013-11-19
Isf..Oil.Ref..Co.,20131118,29400.0,30000.0,28888.0,29335.0,64458360718,2197285,1246,D,29782.0,2013-11-18
Isf..Oil.Ref..Co.,20131117,30300.0,30300.0,29500.0,29782.0,59225770716,1988616,1470,D,30530.0,2013-11-17
Isf..Oil.Ref..Co.,20131116,30700.0,31000.0,30000.0,30530.0,57312729252,1877274,1415,D,30256.0,2013-11-16
Isf..Oil.Ref..Co.,20131112,30690.0,30750.0,30079.0,30256.0,68643705606,2268759,1230,D,30255.0,2013-11-12
Isf..Oil.Ref..Co.,20131111,30161.0,31000.0,29900.0,30255.0,65017351371,2148948,1498,D,30180.0,2013-11-11
Isf..Oil.Ref..Co.,20131110,30330.0,30999.0,30081.0,30180.0,115738325057,3834916,2258,D,31334.0,2013-11-10
Isf..Oil.Ref..Co.,20131109,32850.0,32850.0,30905.0,31334.0,46474704355,1488057,1107,D,32192.0,2013-11-09
Isf..Oil.Ref..Co.,20131106,32000.0,32500.0,31000.0,32192.0,68044285467,2113701,1773,D,31476.0,2013-11-06
Isf..Oil.Ref..Co.,20131105,31000.0,31620.0,30880.0,31476.0,87624771179,2783838,1511,D,30404.0,2013-11-05
Isf..Oil.Ref..Co.,20131104,30780.0,30999.0,29921.0,30404.0,78773168984,2590866,1730,D,30783.0,2013-11-04
Isf..Oil.Ref..Co.,20131103,31000.0,31290.0,30200.0,30783.0,57243487907,1859604,1356,D,30903.0,2013-11-03
Isf..Oil.Ref..Co.,20131102,31650.0,31650.0,30600.0,30903.0,66524147317,2152655,1527,D,31874.0,2013-11-02
Isf..Oil.Ref..Co.,20131030,32500.0,32500.0,31450.0,31874.0,77641641468,2435877,1235,D,32107.0,2013-10-30
Isf..Oil.Ref..Co.,20131029,31950.0,32405.0,31112.0,32107.0,134853271901,4200170,2137,D,31159.0,2013-10-29
Isf..Oil.Ref..Co.,20131028,31000.0,32700.0,30880.0,31159.0,132232513794,4243809,2108,D,32166.0,2013-10-28
Isf..Oil.Ref..Co.,20131027,32700.0,32998.0,32056.0,32166.0,80457701308,2501337,1575,D,33391.0,2013-10-27
Isf..Oil.Ref..Co.,20131026,33000.0,33481.0,32501.0,33391.0,178736634628,5352843,2287,D,32194.0,2013-10-26
Isf..Oil.Ref..Co.,20131023,31680.0,33800.0,31666.0,32194.0,232382065027,7218138,2743,D,32985.0,2013-10-23
Isf..Oil.Ref..Co.,20131022,32973.0,33099.0,32972.0,32985.0,54507868080,1652975,798,D,34345.0,2013-10-22
Isf..Oil.Ref..Co.,20131021,35000.0,35850.0,34018.0,34345.0,284887857753,8294777,2626,D,35435.0,2013-10-21
Isf..Oil.Ref..Co.,20131020,35364.0,36500.0,35364.0,35435.0,472747380553,13341295,3560,D,36837.0,2013-10-20
Isf..Oil.Ref..Co.,20131019,36840.0,36840.0,36480.0,36837.0,866786653370,23530325,2962,D,35424.0,2013-10-19
Isf..Oil.Ref..Co.,20131015,35424.0,35424.0,35424.0,35424.0,71607490560,2021440,149,D,34062.0,2013-10-15
Isf..Oil.Ref..Co.,20131014,34062.0,34062.0,34062.0,34062.0,136416709086,4004953,274,D,32752.0,2013-10-14
Isf..Oil.Ref..Co.,20131013,32755.0,32755.0,32300.0,32752.0,96442182060,2944601,448,D,31496.0,2013-10-13
Isf..Oil.Ref..Co.,20131012,30500.0,32103.0,30203.0,31496.0,190512775044,6048853,2334,D,30869.0,2013-10-12
Isf..Oil.Ref..Co.,20131009,30600.0,31290.0,29970.0,30869.0,128285376902,4155851,1810,D,30206.0,2013-10-09
Isf..Oil.Ref..Co.,20131008,31160.0,31770.0,29555.0,30206.0,181576913521,6011318,2355,D,30562.0,2013-10-08
Isf..Oil.Ref..Co.,20131007,30421.0,30900.0,30381.0,30562.0,80272236351,2626534,1276,D,31627.0,2013-10-07
Isf..Oil.Ref..Co.,20131006,32210.0,32210.0,31000.0,31627.0,137159536469,4336748,2057,D,30976.0,2013-10-06
Isf..Oil.Ref..Co.,20131005,30880.0,31598.0,30302.0,30976.0,122779288527,3963744,1829,D,30445.0,2013-10-05
Isf..Oil.Ref..Co.,20131002,30300.0,31299.0,30000.0,30445.0,128506823762,4220881,1989,D,30419.0,2013-10-02
Isf..Oil.Ref..Co.,20131001,30470.0,30845.0,29750.0,30419.0,136636238367,4491861,1878,D,29923.0,2013-10-01
Isf..Oil.Ref..Co.,20130930,29900.0,29958.0,29171.0,29923.0,299972620576,10024926,2684,D,28806.0,2013-09-30
Isf..Oil.Ref..Co.,20130929,28000.0,28980.0,27800.0,28806.0,317131347342,11009333,1619,D,27866.0,2013-09-29
Isf..Oil.Ref..Co.,20130928,27900.0,28050.0,27550.0,27866.0,58444506479,2097338,894,D,27237.0,2013-09-28
Isf..Oil.Ref..Co.,20130925,27340.0,27400.0,27050.0,27237.0,78518488204,2882814,755,D,27223.0,2013-09-25
Isf..Oil.Ref..Co.,20130924,27799.0,27799.0,26800.0,27223.0,54483453213,2001347,592,D,27186.0,2013-09-24
Isf..Oil.Ref..Co.,20130923,26500.0,27259.0,26210.0,27186.0,166630275819,6129321,1124,D,26211.0,2013-09-23
Isf..Oil.Ref..Co.,20130922,25556.0,26501.0,25556.0,26211.0,91155829397,3477810,803,D,26533.0,2013-09-22
Isf..Oil.Ref..Co.,20130921,26890.0,26899.0,26300.0,26533.0,98750526487,3721768,1329,D,26832.0,2013-09-21
Isf..Oil.Ref..Co.,20130918,27294.0,27294.0,26400.0,26832.0,146512333364,5460362,1726,D,27011.0,2013-09-18
Isf..Oil.Ref..Co.,20130917,27350.0,27889.0,26400.0,27011.0,56091266704,2076609,856,D,26875.0,2013-09-17
Isf..Oil.Ref..Co.,20130916,26889.0,27500.0,26351.0,26875.0,51727666367,1924778,710,D,27084.0,2013-09-16
Isf..Oil.Ref..Co.,20130915,27600.0,27850.0,26400.0,27084.0,62843034169,2320311,781,D,27346.0,2013-09-15
Isf..Oil.Ref..Co.,20130914,28292.0,28292.0,27161.0,27346.0,89001762766,3254649,757,D,28292.0,2013-09-14
Isf..Oil.Ref..Co.,20130911,28461.0,28461.0,27810.0,28292.0,168363016801,5950946,1489,D,27367.0,2013-09-11
Isf..Oil.Ref..Co.,20130910,27379.0,27384.0,27219.0,27367.0,57132493845,2087670,337,D,26331.0,2013-09-10
Isf..Oil.Ref..Co.,20130909,26600.0,26600.0,25901.0,26331.0,122402434602,4648613,1285,D,30110.0,2013-09-09
Isf..Oil.Ref..Co.,20130706,29800.0,30299.0,29600.0,30110.0,147817515484,4909269,1862,D,29265.0,2013-07-06
Isf..Oil.Ref..Co.,20130703,28930.0,29727.0,28605.0,29265.0,153364725746,5240575,1580,D,28584.0,2013-07-03
Isf..Oil.Ref..Co.,20130702,28999.0,28999.0,28400.0,28584.0,57240967088,2002523,899,D,29152.0,2013-07-02
Isf..Oil.Ref..Co.,20130701,29700.0,29700.0,28801.0,29152.0,82107238178,2816501,1199,D,29282.0,2013-07-01
Isf..Oil.Ref..Co.,20130630,28930.0,29950.0,28707.0,29282.0,159622838313,5451244,1365,D,29494.0,2013-06-30
Isf..Oil.Ref..Co.,20130629,29761.0,29761.0,28950.0,29494.0,240714973861,8161353,2042,D,28617.0,2013-06-29
Isf..Oil.Ref..Co.,20130626,28395.0,28655.0,28379.0,28617.0,49432218638,1727368,277,D,27553.0,2013-06-26
Isf..Oil.Ref..Co.,20130625,27700.0,27994.0,27200.0,27553.0,19040191800,692025,599,D,27581.0,2013-06-25
Isf..Oil.Ref..Co.,20130623,27000.0,28200.0,27000.0,27581.0,42253649874,1532190,1039,D,27625.0,2013-06-23
Isf..Oil.Ref..Co.,20130622,28900.0,28910.0,27543.0,27625.0,46802737753,1694187,740,D,28690.0,2013-06-22
Isf..Oil.Ref..Co.,20130619,29400.0,29400.0,28501.0,28690.0,47845746903,1667679,1041,D,28379.0,2013-06-19
Isf..Oil.Ref..Co.,20130618,27437.0,28465.0,27436.0,28379.0,143136792887,5043790,1357,D,27371.0,2013-06-18
Isf..Oil.Ref..Co.,20130617,27700.0,27700.0,27000.0,27371.0,74605968307,2725757,1240,D,27291.0,2013-06-17
Isf..Oil.Ref..Co.,20130616,27444.0,27444.0,26520.0,27291.0,125779955626,4608847,1378,D,26389.0,2013-06-16
Isf..Oil.Ref..Co.,20130615,26200.0,26395.0,26100.0,26389.0,59137104345,2240983,371,D,25380.0,2013-06-15
Isf..Oil.Ref..Co.,20130612,25300.0,25799.0,25200.0,25380.0,45622358125,1797589,841,D,25880.0,2013-06-12
Isf..Oil.Ref..Co.,20130611,25840.0,26007.0,25504.0,25880.0,43215184264,1669808,857,D,25007.0,2013-06-11
Isf..Oil.Ref..Co.,20130610,24550.0,25540.0,24550.0,25007.0,29813424440,1191515,714,D,24971.0,2013-06-10
Isf..Oil.Ref..Co.,20130609,24704.0,25298.0,24704.0,24971.0,43871795186,1756933,784,D,25251.0,2013-06-09
Isf..Oil.Ref..Co.,20130608,25303.0,25501.0,25001.0,25251.0,37511538027,1489642,905,D,25842.0,2013-06-08
Isf..Oil.Ref..Co.,20130603,25499.0,26621.0,25001.0,25842.0,75699224574,2929283,1166,D,25724.0,2013-06-03
Isf..Oil.Ref..Co.,20130602,25350.0,26300.0,25300.0,25724.0,33162299578,1283583,826,D,25346.0,2013-06-02
Isf..Oil.Ref..Co.,20130601,26400.0,26400.0,25266.0,25346.0,91468891921,3608827,1222,D,26318.0,2013-06-01
Isf..Oil.Ref..Co.,20130529,26500.0,26640.0,26103.0,26318.0,68672938379,2609326,1298,D,26521.0,2013-05-29
Isf..Oil.Ref..Co.,20130528,26299.0,26870.0,26001.0,26521.0,66220843064,2496909,1082,D,26461.0,2013-05-28
Isf..Oil.Ref..Co.,20130527,26700.0,27000.0,25856.0,26461.0,165246092601,6244853,2229,D,26456.0,2013-05-27
Isf..Oil.Ref..Co.,20130526,26456.0,26456.0,26456.0,26456.0,66312546032,2506522,455,D,25439.0,2013-05-26
Isf..Oil.Ref..Co.,20130525,25150.0,25565.0,24901.0,25439.0,37645731621,1473386,436,D,24582.0,2013-05-25
Isf..Oil.Ref..Co.,20130522,24155.0,25300.0,24107.0,24582.0,65925536092,2681858,1356,D,24976.0,2013-05-22
Isf..Oil.Ref..Co.,20130521,25700.0,25960.0,24400.0,24976.0,114420676291,4581276,2466,D,25071.0,2013-05-21
Isf..Oil.Ref..Co.,20130520,24900.0,25097.0,24700.0,25071.0,100607574336,4012964,1307,D,24132.0,2013-05-20
Isf..Oil.Ref..Co.,20130519,23763.0,25498.0,23763.0,24132.0,170043116866,7046453,1676,D,24753.0,2013-05-19
Isf..Oil.Ref..Co.,20130518,24700.0,24996.0,24263.0,24753.0,23186933199,951715,255,D,25273.0,2013-05-18
Isf..Oil.Ref..Co.,20130515,25000.0,26671.0,24621.0,25273.0,234903665112,9294694,2266,D,25646.0,2013-05-15
Isf..Oil.Ref..Co.,20130514,25646.0,25646.0,25646.0,25646.0,95853925388,3737578,399,D,26714.0,2013-05-14
Isf..Oil.Ref..Co.,20130513,26712.0,27000.0,26712.0,26714.0,54934763963,2056379,445,D,27825.0,2013-05-13
Isf..Oil.Ref..Co.,20130512,28995.0,28995.0,26765.0,27825.0,288225733652,10358647,2428,D,27880.0,2013-05-12
Isf..Oil.Ref..Co.,20130511,26950.0,28604.0,26501.0,27880.0,118030505848,4233575,1585,D,27504.0,2013-05-11
Isf..Oil.Ref..Co.,20130508,26573.0,26573.0,26573.0,27504.0,7031561249,264613,110,D,27680.0,2013-05-08
Isf..Oil.Ref..Co.,20130507,28300.0,28300.0,27389.0,27680.0,39433063149,1431735,430,D,28530.0,2013-05-07
Isf..Oil.Ref..Co.,20130506,29041.0,29600.0,28007.0,28530.0,226730227396,7947055,2310,D,29173.0,2013-05-06
Isf..Oil.Ref..Co.,20130505,29500.0,29500.0,29152.0,29173.0,171551400658,5880508,1277,D,30366.0,2013-05-05
Isf..Oil.Ref..Co.,20130504,31300.0,31330.0,28932.0,30366.0,288630560119,9505015,3211,D,30137.0,2013-05-04
Isf..Oil.Ref..Co.,20130501,29001.0,30222.0,29001.0,30137.0,392392870037,13020449,2322,D,29060.0,2013-05-01
Isf..Oil.Ref..Co.,20130430,30000.0,30000.0,28800.0,29060.0,275099881976,9466752,2244,D,27757.0,2013-04-30
Isf..Oil.Ref..Co.,20130428,27804.0,27804.0,27000.0,27757.0,390053596492,14052374,2732,D,26735.0,2013-04-28
Isf..Oil.Ref..Co.,20130427,26735.0,26735.0,26730.0,26735.0,105624458000,3950800,315,D,25707.0,2013-04-27
Isf..Oil.Ref..Co.,20130424,25000.0,25798.0,25000.0,25707.0,170971053397,6650700,1512,D,24806.0,2013-04-24
Isf..Oil.Ref..Co.,20130423,24900.0,25240.0,24200.0,24806.0,193463923468,7798990,1936,D,24903.0,2013-04-23
Isf..Oil.Ref..Co.,20130422,25000.0,25139.0,24661.0,24903.0,156599763852,6288342,1384,D,24861.0,2013-04-22
Isf..Oil.Ref..Co.,20130421,25250.0,25390.0,24300.0,24861.0,64146425165,2580172,1122,D,25042.0,2013-04-21
Isf..Oil.Ref..Co.,20130420,24900.0,25103.0,24510.0,25042.0,250064037206,9985777,1940,D,24138.0,2013-04-20
Isf..Oil.Ref..Co.,20130417,24400.0,24898.0,23821.0,24138.0,168891059093,6996965,1226,D,24217.0,2013-04-17
Isf..Oil.Ref..Co.,20130416,23500.0,24250.0,23250.0,24217.0,397292445984,16405678,2059,D,23318.0,2013-04-16
Isf..Oil.Ref..Co.,20130415,22873.0,23580.0,22402.0,23318.0,82109049146,3521299,1156,D,22879.0,2013-04-15
Isf..Oil.Ref..Co.,20130413,23200.0,23200.0,22733.0,22879.0,74553637298,3258549,1024,D,23594.0,2013-04-13
Isf..Oil.Ref..Co.,20130410,23200.0,23970.0,23200.0,23594.0,91824357317,3891934,1189,D,24129.0,2013-04-10
Isf..Oil.Ref..Co.,20130409,24290.0,24496.0,23930.0,24129.0,176865961322,7329962,1706,D,23619.0,2013-04-09
Isf..Oil.Ref..Co.,20130408,23000.0,23627.0,23000.0,23619.0,327468544256,13864380,1970,D,22719.0,2013-04-08
Isf..Oil.Ref..Co.,20130407,23000.0,23100.0,22302.0,22719.0,62582224988,2754581,1123,D,23142.0,2013-04-07
Isf..Oil.Ref..Co.,20130406,23000.0,23849.0,22802.0,23142.0,47813238453,2066108,1002,D,23291.0,2013-04-06
Isf..Oil.Ref..Co.,20130403,22998.0,23850.0,22700.0,23291.0,53800312474,2309956,806,D,23180.0,2013-04-03
Isf..Oil.Ref..Co.,20130331,22900.0,23297.0,22507.0,23180.0,111200826836,4797329,1445,D,22401.0,2013-03-31
Isf..Oil.Ref..Co.,20130330,22589.0,22900.0,21800.0,22401.0,81729179226,3648537,1385,D,22609.0,2013-03-30
Isf..Oil.Ref..Co.,20130327,22611.0,22611.0,22100.0,22609.0,323673762591,14316262,1715,D,21742.0,2013-03-27
Isf..Oil.Ref..Co.,20130326,21742.0,21742.0,21742.0,21742.0,36198321026,1664903,67,D,20906.0,2013-03-26
Isf..Oil.Ref..Co.,20130325,20906.0,20906.0,20906.0,20906.0,34806462118,1664903,44,D,20102.0,2013-03-25
Isf..Oil.Ref..Co.,20130318,19790.0,20345.0,19750.0,20102.0,1190572358720,59226130,1600,D,19563.0,2013-03-18
Isf..Oil.Ref..Co.,20130317,19451.0,20000.0,19451.0,19563.0,486024964610,24844123,590,D,20258.0,2013-03-17
Isf..Oil.Ref..Co.,20130316,20599.0,20699.0,20116.0,20258.0,39122538083,1931229,473,D,20954.0,2013-03-16
Isf..Oil.Ref..Co.,20130313,20900.0,21151.0,20600.0,20954.0,285035164900,13603025,1879,D,20338.0,2013-03-13
Isf..Oil.Ref..Co.,20130312,20200.0,20798.0,19825.0,20338.0,83594853987,4110315,1202,D,20590.0,2013-03-12
Isf..Oil.Ref..Co.,20130311,20999.0,20999.0,20251.0,20590.0,142578802707,6924681,1816,D,19652.0,2013-03-11
Isf..Oil.Ref..Co.,20130225,19649.0,19839.0,19649.0,19652.0,42617628391,2168631,532,D,20467.0,2013-02-25
Isf..Oil.Ref..Co.,20130224,20500.0,21180.0,19560.0,20467.0,195168580018,9535704,2712,D,20375.0,2013-02-24
Isf..Oil.Ref..Co.,20130223,19650.0,20433.0,19570.0,20375.0,313563412361,15389779,1835,D,19648.0,2013-02-23
Isf..Oil.Ref..Co.,20130220,19020.0,19990.0,19003.0,19648.0,140204360897,7135644,1961,D,19222.0,2013-02-20
Isf..Oil.Ref..Co.,20130219,19700.0,19700.0,19169.0,19222.0,107236556139,5578818,1491,D,19967.0,2013-02-19
Isf..Oil.Ref..Co.,20130218,19690.0,20350.0,19600.0,19967.0,114732120052,5746166,2093,D,19588.0,2013-02-18
Isf..Oil.Ref..Co.,20130217,19620.0,19620.0,19111.0,19588.0,486435064906,24833515,4998,D,18866.0,2013-02-17
Isf..Oil.Ref..Co.,20130216,18866.0,18866.0,18866.0,18866.0,31874522052,1689522,116,D,18141.0,2013-02-16
Isf..Oil.Ref..Co.,20130213,18141.0,18141.0,18001.0,18141.0,107428319091,5921965,667,D,17444.0,2013-02-13
Isf..Oil.Ref..Co.,20130212,17444.0,17444.0,17055.0,17444.0,283638518014,16260281,1334,D,16774.0,2013-02-12
Isf..Oil.Ref..Co.,20130211,16605.0,17232.0,16101.0,16774.0,66401210420,3958577,1271,D,16765.0,2013-02-11
Isf..Oil.Ref..Co.,20130209,16500.0,17160.0,16400.0,16765.0,214331655070,12784782,2210,D,4893.0,2013-02-09
Isf..Oil.Ref..Co.,20120516,5499.0,5499.0,5401.0,5493.0,193682867,35809,13,D,5495.0,2012-05-16
Isf..Oil.Ref..Co.,20120515,5478.0,5480.0,5350.0,5495.0,750640531,139254,18,D,5505.0,2012-05-15
Isf..Oil.Ref..Co.,20120514,5450.0,5450.0,5375.0,5505.0,517580811,95259,15,D,5509.0,2012-05-14
Isf..Oil.Ref..Co.,20120513,5498.0,5500.0,5311.0,5509.0,327533857,59923,18,D,5511.0,2012-05-13
Isf..Oil.Ref..Co.,20120512,5403.0,5480.0,5383.0,5511.0,1156093800,213372,44,D,5525.0,2012-05-12
Isf..Oil.Ref..Co.,20120509,5500.0,5501.0,5405.0,5525.0,589331558,107351,29,D,5527.0,2012-05-09
Isf..Oil.Ref..Co.,20120508,5503.0,5580.0,5503.0,5527.0,962016287,174331,26,D,5528.0,2012-05-08
Isf..Oil.Ref..Co.,20120507,5400.0,5600.0,5351.0,5528.0,1132558561,204331,65,D,5526.0,2012-05-07
Isf..Oil.Ref..Co.,20120506,5365.0,5500.0,5365.0,5526.0,589809438,108405,29,D,5532.0,2012-05-06
Isf..Oil.Ref..Co.,20120505,5528.0,5528.0,5342.0,5532.0,561154803,103778,25,D,5540.0,2012-05-05
Isf..Oil.Ref..Co.,20120502,5500.0,5501.0,5500.0,5540.0,338118000,61474,18,D,5542.0,2012-05-02
Isf..Oil.Ref..Co.,20120501,5500.0,5559.0,5440.0,5542.0,621282317,112940,31,D,5545.0,2012-05-01
Isf..Oil.Ref..Co.,20120430,5449.0,5580.0,5443.0,5545.0,1092367595,199371,71,D,5554.0,2012-04-30
Isf..Oil.Ref..Co.,20120429,5356.0,5450.0,5356.0,5554.0,227034573,42018,22,D,5558.0,2012-04-29
Isf..Oil.Ref..Co.,20120428,5600.0,5600.0,5481.0,5558.0,6277677006,1143722,102,D,5709.0,2012-04-28
Isf..Oil.Ref..Co.,20120424,5682.0,5682.0,5575.0,5709.0,476133191,85030,39,D,5715.0,2012-04-24
Isf..Oil.Ref..Co.,20120423,5732.0,5732.0,5597.0,5715.0,11660635504,2040519,234,D,5512.0,2012-04-23
Isf..Oil.Ref..Co.,20120422,5500.0,5500.0,5363.0,5512.0,775610356,142062,38,D,5517.0,2012-04-22
Isf..Oil.Ref..Co.,20120421,5500.0,5618.0,5401.0,5517.0,1519839537,276101,61,D,5520.0,2012-04-21
Isf..Oil.Ref..Co.,20120418,5548.0,5598.0,5500.0,5520.0,2518520450,454706,76,D,5513.0,2012-04-18
Isf..Oil.Ref..Co.,20120417,5371.0,5500.0,5371.0,5513.0,1378559148,251885,56,D,5520.0,2012-04-17
Isf..Oil.Ref..Co.,20120416,5547.0,5547.0,5385.0,5520.0,1937738314,356339,69,D,5542.0,2012-04-16
Isf..Oil.Ref..Co.,20120415,5580.0,5700.0,5451.0,5542.0,2646713159,478135,70,D,5545.0,2012-04-15
Isf..Oil.Ref..Co.,20120414,5548.0,5549.0,5460.0,5545.0,1351464464,245691,71,D,5553.0,2012-04-14
Isf..Oil.Ref..Co.,20120411,5500.0,5580.0,5440.0,5553.0,1246378475,226865,71,D,5562.0,2012-04-11
Isf..Oil.Ref..Co.,20120410,5530.0,5530.0,5411.0,5562.0,271255298,49864,28,D,5566.0,2012-04-10
Isf..Oil.Ref..Co.,20120409,5401.0,5596.0,5401.0,5566.0,1982241990,356349,56,D,5567.0,2012-04-09
Isf..Oil.Ref..Co.,20120408,5341.0,5607.0,5341.0,5567.0,13741650408,2468529,301,D,5392.0,2012-04-08
Isf..Oil.Ref..Co.,20120407,5399.0,5450.0,5225.0,5392.0,1529992846,286427,41,D,5402.0,2012-04-07
Isf..Oil.Ref..Co.,20120404,5427.0,5428.0,5212.0,5402.0,2252883410,423362,41,D,5429.0,2012-04-04
Isf..Oil.Ref..Co.,20120403,5400.0,5400.0,5272.0,5429.0,649047060,122555,56,D,5440.0,2012-04-03
Isf..Oil.Ref..Co.,20120402,5489.0,5489.0,5366.0,5440.0,347279104,64475,29,D,5442.0,2012-04-02
Isf..Oil.Ref..Co.,20120328,5460.0,5500.0,5367.0,5442.0,7491273698,1384192,210,D,5590.0,2012-03-28
Isf..Oil.Ref..Co.,20120327,5600.0,5628.0,5450.0,5590.0,1643454870,296061,48,D,5599.0,2012-03-27
Isf..Oil.Ref..Co.,20120326,5600.0,5600.0,5423.0,5599.0,2020312834,372152,48,D,5648.0,2012-03-26
Isf..Oil.Ref..Co.,20120325,5796.0,5796.0,5463.0,5648.0,1442070767,258738,72,D,5662.0,2012-03-25
Isf..Oil.Ref..Co.,20120324,5701.0,5796.0,5701.0,5662.0,3855685068,665333,76,D,5574.0,2012-03-24
Isf..Oil.Ref..Co.,20120318,5480.0,5715.0,5480.0,5574.0,4414202464,779683,157,D,5496.0,2012-03-18
Isf..Oil.Ref..Co.,20120317,5460.0,5544.0,5400.0,5496.0,8563240216,1554887,258,D,5331.0,2012-03-17
Isf..Oil.Ref..Co.,20120314,5167.0,5496.0,5167.0,5331.0,3026661984,564654,101,D,5316.0,2012-03-14
Isf..Oil.Ref..Co.,20120313,5170.0,5265.0,5112.0,5316.0,493655965,95556,44,D,5325.0,2012-03-13
Isf..Oil.Ref..Co.,20120312,5191.0,5191.0,5168.0,5325.0,2336287544,451883,77,D,5383.0,2012-03-12
Isf..Oil.Ref..Co.,20120311,5296.0,5306.0,5240.0,5383.0,2101869059,399258,103,D,5420.0,2012-03-11
Isf..Oil.Ref..Co.,20120310,5270.0,5369.0,5260.0,5420.0,1109282734,210448,71,D,5442.0,2012-03-10
Isf..Oil.Ref..Co.,20120307,5350.0,5395.0,5301.0,5442.0,2345824397,437027,97,D,5469.0,2012-03-07
Isf..Oil.Ref..Co.,20120306,5488.0,5489.0,5295.0,5469.0,40956578427,7488327,567,D,5278.0,2012-03-06
Isf..Oil.Ref..Co.,20120305,5278.0,5278.0,5278.0,5278.0,8778042364,1663138,56,D,5075.0,2012-03-05
Isf..Oil.Ref..Co.,20120304,5082.0,5082.0,5082.0,5075.0,8163191190,1606295,41,D,4887.0,2012-03-04
Isf..Oil.Ref..Co.,20120303,5080.0,5080.0,5080.0,4887.0,67828160,13352,13,D,4885.0,2012-03-03
Isf..Oil.Ref..Co.,20120225,4930.0,4930.0,4734.0,4885.0,1446942385,296416,41,D,4886.0,2012-02-25
Isf..Oil.Ref..Co.,20120222,4950.0,4950.0,4860.0,4886.0,933920893,192001,27,D,4889.0,2012-02-22
Isf..Oil.Ref..Co.,20120221,4949.0,4949.0,4850.0,4889.0,1415769558,288969,55,D,4887.0,2012-02-21
Isf..Oil.Ref..Co.,20120220,4900.0,4944.0,4900.0,4887.0,257955957,52435,21,D,4886.0,2012-02-20
Isf..Oil.Ref..Co.,20120219,4900.0,4940.0,4852.0,4886.0,1287269802,263031,38,D,4885.0,2012-02-19
Isf..Oil.Ref..Co.,20120218,4900.0,4900.0,4851.0,4885.0,1166030638,238691,39,D,4885.0,2012-02-18
Isf..Oil.Ref..Co.,20120215,4863.0,4900.0,4840.0,4885.0,5479513025,1123302,92,D,4900.0,2012-02-15
Isf..Oil.Ref..Co.,20120214,4905.0,4908.0,4863.0,4900.0,3071870600,627918,71,D,4905.0,2012-02-14
Isf..Oil.Ref..Co.,20120213,4907.0,4907.0,4805.0,4905.0,3610677294,738458,100,D,4918.0,2012-02-13
Isf..Oil.Ref..Co.,20120212,4880.0,4905.0,4880.0,4918.0,1546542435,315591,54,D,4922.0,2012-02-12
Isf..Oil.Ref..Co.,20120208,4900.0,4900.0,4861.0,4922.0,2073107131,423525,48,D,4931.0,2012-02-08
Isf..Oil.Ref..Co.,20120207,4861.0,4900.0,4861.0,4931.0,1020511495,208582,54,D,4937.0,2012-02-07
Isf..Oil.Ref..Co.,20120206,4842.0,4917.0,4842.0,4937.0,2903358227,594080,70,D,4964.0,2012-02-06
Isf..Oil.Ref..Co.,20120205,4910.0,4919.0,4860.0,4964.0,2401253115,490762,94,D,4994.0,2012-02-05
Isf..Oil.Ref..Co.,20120204,4997.0,5001.0,4910.0,4994.0,799050352,161596,57,D,4999.0,2012-02-04
Isf..Oil.Ref..Co.,20120201,4901.0,4970.0,4900.0,4999.0,1921241660,390083,84,D,5022.0,2012-02-01
Isf..Oil.Ref..Co.,20120131,4970.0,5000.0,4920.0,5022.0,2976513349,599800,135,D,5055.0,2012-01-31
Isf..Oil.Ref..Co.,20120130,5065.0,5170.0,4950.0,5055.0,7669943966,1519612,203,D,5132.0,2012-01-30
Isf..Oil.Ref..Co.,20120129,4800.0,5180.0,4800.0,5132.0,9240547777,1800569,288,D,4988.0,2012-01-29
Isf..Oil.Ref..Co.,20120128,5001.0,5099.0,4891.0,4988.0,21288859815,4267787,474,D,5094.0,2012-01-28
Isf..Oil.Ref..Co.,20120125,5008.0,5179.0,4853.0,5094.0,12450062007,2444026,430,D,4994.0,2012-01-25
Isf..Oil.Ref..Co.,20120123,4987.0,5029.0,4852.0,4994.0,35487207855,7105674,905,D,4836.0,2012-01-23
Isf..Oil.Ref..Co.,20120121,4799.0,4843.0,4790.0,4836.0,9111132004,1884088,180,D,4657.0,2012-01-21
Isf..Oil.Ref..Co.,20120118,4589.0,4673.0,4494.0,4657.0,10037524802,2155148,279,D,4494.0,2012-01-18
Isf..Oil.Ref..Co.,20120117,4499.0,4499.0,4300.0,4494.0,24056569081,5352829,399,D,4326.0,2012-01-17
Isf..Oil.Ref..Co.,20120116,4492.0,4492.0,4492.0,4326.0,253573400,56450,15,D,4320.0,2012-01-16
Isf..Oil.Ref..Co.,20120115,4440.0,4440.0,4360.0,4320.0,2308993494,521357,95,D,4270.0,2012-01-15
Isf..Oil.Ref..Co.,20120111,4280.0,4297.0,4200.0,4270.0,6597074484,1540802,323,D,4132.0,2012-01-11
Isf..Oil.Ref..Co.,20120110,4046.0,4152.0,4046.0,4132.0,6240579234,1504763,149,D,3993.0,2012-01-10
Isf..Oil.Ref..Co.,20120109,3998.0,4048.0,3950.0,3993.0,1197093890,299076,80,D,3991.0,2012-01-09
Isf..Oil.Ref..Co.,20120108,3950.0,3985.0,3931.0,3991.0,141997675,35965,11,D,3992.0,2012-01-08
Isf..Oil.Ref..Co.,20120107,4000.0,4030.0,3903.0,3992.0,500307190,125503,35,D,3992.0,2012-01-07
Isf..Oil.Ref..Co.,20120104,4002.0,4086.0,4000.0,3992.0,783536267,195101,33,D,3989.0,2012-01-04
Isf..Oil.Ref..Co.,20120103,3994.0,4050.0,3980.0,3989.0,2730112711,680906,129,D,3974.0,2012-01-03
Isf..Oil.Ref..Co.,20120102,3990.0,4000.0,3950.0,3974.0,308639624,77711,26,D,3974.0,2012-01-02
Isf..Oil.Ref..Co.,20120101,3972.0,4000.0,3941.0,3974.0,1363322290,342182,87,D,3971.0,2012-01-01
Isf..Oil.Ref..Co.,20111231,3905.0,3912.0,3905.0,3971.0,82869520,21210,7,D,3972.0,2011-12-31
Isf..Oil.Ref..Co.,20111228,3850.0,3955.0,3850.0,3972.0,591800906,149885,17,D,3974.0,2011-12-28
Isf..Oil.Ref..Co.,20111227,3950.0,3954.0,3950.0,3974.0,306616895,77615,24,D,3975.0,2011-12-27
Isf..Oil.Ref..Co.,20111226,3960.0,3960.0,3949.0,3975.0,395458398,100092,22,D,3977.0,2011-12-26
Isf..Oil.Ref..Co.,20111225,3950.0,3960.0,3933.0,3977.0,80640490,20482,7,D,3977.0,2011-12-25
Isf..Oil.Ref..Co.,20111224,3900.0,3950.0,3900.0,3977.0,241418040,61511,19,D,3979.0,2011-12-24
Isf..Oil.Ref..Co.,20111221,3914.0,3918.0,3912.0,3979.0,1275962315,325934,67,D,3995.0,2011-12-21
Isf..Oil.Ref..Co.,20111220,3910.0,3998.0,3910.0,3995.0,452948729,115687,19,D,4001.0,2011-12-20
Isf..Oil.Ref..Co.,20111219,4014.0,4014.0,3903.0,4001.0,254417304,63742,30,D,4001.0,2011-12-19
Isf..Oil.Ref..Co.,20111218,3977.0,4029.0,3977.0,4001.0,728404532,182952,32,D,4003.0,2011-12-18
Isf..Oil.Ref..Co.,20111217,4000.0,4048.0,4000.0,4003.0,201758109,50367,15,D,4003.0,2011-12-17
Isf..Oil.Ref..Co.,20111214,3971.0,4020.0,3970.0,4003.0,432039551,108520,26,D,4004.0,2011-12-14
Isf..Oil.Ref..Co.,20111213,4000.0,4000.0,3971.0,4004.0,1793980528,448729,39,D,4006.0,2011-12-13
Isf..Oil.Ref..Co.,20111212,3980.0,4000.0,3970.0,4006.0,259173920,65142,15,D,4007.0,2011-12-12
Isf..Oil.Ref..Co.,20111211,4020.0,4089.0,3958.0,4007.0,458440680,114537,17,D,4007.0,2011-12-11
Isf..Oil.Ref..Co.,20111210,4100.0,4100.0,4050.0,4007.0,2152329974,531224,26,D,3986.0,2011-12-10
Isf..Oil.Ref..Co.,20111207,4050.0,4090.0,4050.0,3986.0,2523335051,622336,49,D,3945.0,2011-12-07
Isf..Oil.Ref..Co.,20111204,3910.0,4099.0,3910.0,3945.0,375556950,94103,37,D,3942.0,2011-12-04
Isf..Oil.Ref..Co.,20111203,3861.0,3900.0,3861.0,3942.0,227801886,58435,11,D,3944.0,2011-12-03
Isf..Oil.Ref..Co.,20111130,3860.0,3929.0,3860.0,3944.0,309368208,79322,28,D,3946.0,2011-11-30
Isf..Oil.Ref..Co.,20111129,3908.0,3920.0,3828.0,3946.0,1318207004,340393,63,D,3965.0,2011-11-29
Isf..Oil.Ref..Co.,20111128,3882.0,3910.0,3882.0,3965.0,342653800,87862,27,D,3969.0,2011-11-28
Isf..Oil.Ref..Co.,20111127,3900.0,3910.0,3900.0,3969.0,2405791600,616844,55,D,4009.0,2011-11-27
Isf..Oil.Ref..Co.,20111126,3901.0,3989.0,3900.0,4009.0,739567161,188987,30,D,4021.0,2011-11-26
Isf..Oil.Ref..Co.,20111123,4000.0,4001.0,3960.0,4021.0,2303796558,578501,52,D,4042.0,2011-11-23
Isf..Oil.Ref..Co.,20111122,4020.0,4020.0,3990.0,4042.0,2878140698,719089,54,D,4072.0,2011-11-22
Isf..Oil.Ref..Co.,20111121,4050.0,4077.0,4049.0,4072.0,566695446,139919,25,D,4074.0,2011-11-21
Isf..Oil.Ref..Co.,20111120,4060.0,4060.0,4016.0,4074.0,959340436,236862,17,D,4078.0,2011-11-20
Isf..Oil.Ref..Co.,20111119,4078.0,4109.0,4078.0,4078.0,58319380,14245,8,D,4078.0,2011-11-19
Isf..Oil.Ref..Co.,20111116,4071.0,4100.0,4002.0,4078.0,663036533,162754,30,D,4079.0,2011-11-16
Isf..Oil.Ref..Co.,20111114,4066.0,4100.0,4066.0,4079.0,190091342,46537,15,D,4079.0,2011-11-14
Isf..Oil.Ref..Co.,20111113,4062.0,4100.0,4062.0,4079.0,256010820,62760,20,D,4079.0,2011-11-13
Isf..Oil.Ref..Co.,20111112,4054.0,4100.0,4054.0,4079.0,647204870,158698,28,D,4079.0,2011-11-12
Isf..Oil.Ref..Co.,20111109,4025.0,4120.0,4025.0,4079.0,657556189,161833,24,D,4081.0,2011-11-09
Isf..Oil.Ref..Co.,20111108,4072.0,4072.0,4014.0,4081.0,1681651062,415244,67,D,4092.0,2011-11-08
Isf..Oil.Ref..Co.,20111106,4085.0,4100.0,4050.0,4092.0,1213780850,298023,60,D,4096.0,2011-11-06
Isf..Oil.Ref..Co.,20111105,4120.0,4120.0,4095.0,4096.0,357005969,87100,28,D,4096.0,2011-11-05
Isf..Oil.Ref..Co.,20111102,4100.0,4170.0,4100.0,4096.0,383384033,93293,24,D,4095.0,2011-11-02
Isf..Oil.Ref..Co.,20111101,4100.0,4100.0,4083.0,4095.0,1113137599,272334,22,D,4097.0,2011-11-01
Isf..Oil.Ref..Co.,20111031,4085.0,4110.0,4085.0,4097.0,504643748,123088,28,D,4097.0,2011-10-31
Isf..Oil.Ref..Co.,20111030,4056.0,4099.0,4056.0,4097.0,902688649,220949,38,D,4099.0,2011-10-30
Isf..Oil.Ref..Co.,20111029,4100.0,4100.0,4054.0,4099.0,554638101,135882,20,D,4100.0,2011-10-29
Isf..Oil.Ref..Co.,20111026,4140.0,4150.0,4092.0,4100.0,658198474,160246,48,D,4099.0,2011-10-26
Isf..Oil.Ref..Co.,20111025,4101.0,4110.0,4071.0,4099.0,2137413247,523349,43,D,4106.0,2011-10-25
Isf..Oil.Ref..Co.,20111024,4061.0,4110.0,4054.0,4106.0,2484052315,610216,30,D,4127.0,2011-10-24
Isf..Oil.Ref..Co.,20111023,4090.0,4090.0,4062.0,4127.0,1040752968,255639,22,D,4137.0,2011-10-23
Isf..Oil.Ref..Co.,20111022,4100.0,4150.0,4061.0,4137.0,1817948316,445094,58,D,4156.0,2011-10-22
Isf..Oil.Ref..Co.,20111019,4052.0,4119.0,4052.0,4156.0,1508027892,367929,38,D,4172.0,2011-10-19
Isf..Oil.Ref..Co.,20111018,4072.0,4180.0,4040.0,4172.0,762336468,187378,30,D,4185.0,2011-10-18
Isf..Oil.Ref..Co.,20111017,4070.0,4100.0,4040.0,4185.0,554615143,137033,38,D,4197.0,2011-10-17
Isf..Oil.Ref..Co.,20111016,4141.0,4150.0,4051.0,4197.0,1224190801,298084,71,D,4217.0,2011-10-16
Isf..Oil.Ref..Co.,20111015,4240.0,4240.0,4150.0,4217.0,326674381,78468,39,D,4220.0,2011-10-15
Isf..Oil.Ref..Co.,20111012,4179.0,4240.0,4142.0,4220.0,1343316707,318932,52,D,4222.0,2011-10-12
Isf..Oil.Ref..Co.,20111011,4140.0,4210.0,4140.0,4222.0,982342260,235301,65,D,4230.0,2011-10-11
Isf..Oil.Ref..Co.,20111010,4199.0,4240.0,4130.0,4230.0,849834067,204593,109,D,4241.0,2011-10-10
Isf..Oil.Ref..Co.,20111009,4180.0,4200.0,4172.0,4241.0,485037675,116062,51,D,4246.0,2011-10-09
Isf..Oil.Ref..Co.,20111008,4245.0,4245.0,4170.0,4246.0,176143925,42071,22,D,4248.0,2011-10-08
Isf..Oil.Ref..Co.,20111005,4280.0,4280.0,4202.0,4248.0,765511269,181071,33,D,4251.0,2011-10-05
Isf..Oil.Ref..Co.,20111004,4284.0,4284.0,4180.0,4251.0,2123272052,499038,79,D,4249.0,2011-10-04
Isf..Oil.Ref..Co.,20111003,4300.0,4330.0,4261.0,4249.0,1045487338,243549,79,D,4241.0,2011-10-03
Isf..Oil.Ref..Co.,20111002,4357.0,4370.0,4261.0,4241.0,1235085232,284864,92,D,4222.0,2011-10-02
Isf..Oil.Ref..Co.,20111001,4180.0,4301.0,4170.0,4222.0,3934938086,916757,142,D,4136.0,2011-10-01
Isf..Oil.Ref..Co.,20110928,4120.0,4180.0,4100.0,4136.0,322187412,77662,36,D,4135.0,2011-09-28
Isf..Oil.Ref..Co.,20110927,4100.0,4128.0,4084.0,4135.0,405837893,98941,28,D,4137.0,2011-09-27
Isf..Oil.Ref..Co.,20110926,4120.0,4120.0,4054.0,4137.0,150799528,36935,15,D,4138.0,2011-09-26
Isf..Oil.Ref..Co.,20110925,4100.0,4183.0,4100.0,4138.0,162588714,39152,20,D,4138.0,2011-09-25
Isf..Oil.Ref..Co.,20110921,4209.0,4209.0,4115.0,4138.0,183269559,44326,20,D,4138.0,2011-09-21
Isf..Oil.Ref..Co.,20110920,4100.0,4220.0,4100.0,4138.0,638830561,154105,37,D,4137.0,2011-09-20
Isf..Oil.Ref..Co.,20110919,4155.0,4155.0,4110.0,4137.0,883869175,213775,42,D,4137.0,2011-09-19
Isf..Oil.Ref..Co.,20110918,4080.0,4165.0,4072.0,4137.0,406204873,98300,19,D,4137.0,2011-09-18
Isf..Oil.Ref..Co.,20110917,4111.0,4168.0,4075.0,4137.0,441188735,106943,26,D,4138.0,2011-09-17
Isf..Oil.Ref..Co.,20110914,4151.0,4190.0,4020.0,4138.0,981659861,239473,81,D,4144.0,2011-09-14
Isf..Oil.Ref..Co.,20110913,4269.0,4269.0,4150.0,4144.0,719806600,172423,53,D,4141.0,2011-09-13
Isf..Oil.Ref..Co.,20110912,4200.0,4220.0,4170.0,4141.0,240932608,57366,16,D,4139.0,2011-09-12
Isf..Oil.Ref..Co.,20110911,4270.0,4270.0,4150.0,4139.0,225270471,53855,28,D,4138.0,2011-09-11
Isf..Oil.Ref..Co.,20110910,4250.0,4250.0,4140.0,4138.0,501476715,119573,52,D,4134.0,2011-09-10
Isf..Oil.Ref..Co.,20110907,4250.0,4250.0,4110.0,4134.0,1120976196,269714,65,D,4130.0,2011-09-07
Isf..Oil.Ref..Co.,20110906,4268.0,4285.0,4183.0,4130.0,394700417,93010,40,D,4123.0,2011-09-06
Isf..Oil.Ref..Co.,20110905,4170.0,4275.0,4170.0,4123.0,630805319,148746,57,D,4111.0,2011-09-05
Isf..Oil.Ref..Co.,20110904,4110.0,4140.0,4110.0,4111.0,532579952,129062,31,D,4110.0,2011-09-04
Isf..Oil.Ref..Co.,20110903,4102.0,4120.0,4100.0,4110.0,478322853,116400,19,D,4110.0,2011-09-03
Isf..Oil.Ref..Co.,20110830,4080.0,4198.0,4080.0,4110.0,142529078,34604,23,D,4110.0,2011-08-30
Isf..Oil.Ref..Co.,20110829,4065.0,4150.0,4065.0,4110.0,167781450,40952,19,D,4110.0,2011-08-29
Isf..Oil.Ref..Co.,20110828,4081.0,4099.0,4060.0,4110.0,117834611,28926,18,D,4111.0,2011-08-28
Isf..Oil.Ref..Co.,20110827,4227.0,4227.0,4060.0,4111.0,437121362,104811,51,D,4107.0,2011-08-27
Isf..Oil.Ref..Co.,20110824,4150.0,4208.0,4100.0,4107.0,17462719768,4251758,69,D,4047.0,2011-08-24
Isf..Oil.Ref..Co.,20110823,4028.0,4100.0,4028.0,4047.0,109314718,26841,15,D,4047.0,2011-08-23
Isf..Oil.Ref..Co.,20110821,4019.0,4019.0,3981.0,4047.0,676089569,168906,39,D,4052.0,2011-08-21
Isf..Oil.Ref..Co.,20110820,4002.0,4027.0,3971.0,4052.0,580630774,145277,27,D,4057.0,2011-08-20
Isf..Oil.Ref..Co.,20110817,4001.0,4002.0,3993.0,4057.0,845076556,211307,32,D,4065.0,2011-08-17
Isf..Oil.Ref..Co.,20110816,4020.0,4027.0,3990.0,4065.0,1093643530,272737,40,D,4076.0,2011-08-16
Isf..Oil.Ref..Co.,20110815,4082.0,4082.0,4021.0,4076.0,1013201035,250538,43,D,4082.0,2011-08-15
Isf..Oil.Ref..Co.,20110814,4070.0,4100.0,4055.0,4082.0,220842004,54374,28,D,4083.0,2011-08-14
Isf..Oil.Ref..Co.,20110813,4226.0,4226.0,4052.0,4083.0,217090321,52914,27,D,4082.0,2011-08-13
Isf..Oil.Ref..Co.,20110808,4200.0,4229.0,4071.0,4082.0,618683282,148430,61,D,4074.0,2011-08-08
Isf..Oil.Ref..Co.,20110807,4100.0,4189.0,4030.0,4074.0,473630291,116050,26,D,4073.0,2011-08-07
Isf..Oil.Ref..Co.,20110806,4215.0,4215.0,4110.0,4073.0,932570654,223190,46,D,4057.0,2011-08-06
Isf..Oil.Ref..Co.,20110803,4120.0,4215.0,4120.0,4057.0,166144815,39552,17,D,4053.0,2011-08-03
Isf..Oil.Ref..Co.,20110802,4161.0,4162.0,4113.0,4053.0,263495007,63468,20,D,4049.0,2011-08-02
Isf..Oil.Ref..Co.,20110801,4100.0,4201.0,4100.0,4049.0,528248742,126843,46,D,4040.0,2011-08-01
Isf..Oil.Ref..Co.,20110731,4092.0,4150.0,3980.0,4040.0,4437262655,1112686,123,D,4145.0,2011-07-31
Isf..Oil.Ref..Co.,20110730,4260.0,4260.0,4116.0,4145.0,5837090801,1416753,94,D,4287.0,2011-07-30
Isf..Oil.Ref..Co.,20110727,4339.0,4339.0,4155.0,4287.0,646628274,152403,52,D,4291.0,2011-07-27
Isf..Oil.Ref..Co.,20110726,4301.0,4350.0,4250.0,4291.0,737120206,171662,47,D,4291.0,2011-07-26
Isf..Oil.Ref..Co.,20110725,4300.0,4300.0,4250.0,4291.0,899745876,209674,54,D,4502.0,2011-07-25
Isf..Oil.Ref..Co.,20110718,4866.0,4979.0,4866.0,5002.0,944066685,191613,35,D,5012.0,2011-07-18
Isf..Oil.Ref..Co.,20110716,4911.0,4980.0,4851.0,5012.0,141925516,29057,21,D,5014.0,2011-07-16
Isf..Oil.Ref..Co.,20110713,5100.0,5100.0,4910.0,5014.0,7012152397,1401803,100,D,5077.0,2011-07-13
Isf..Oil.Ref..Co.,20110712,5349.0,5490.0,5074.0,5077.0,13371771535,2633747,155,D,5285.0,2011-07-12
Isf..Oil.Ref..Co.,20110625,5300.0,5300.0,5230.0,5285.0,3545181835,670385,35,D,5283.0,2011-06-25
Isf..Oil.Ref..Co.,20110622,5278.0,5300.0,5225.0,5283.0,3544784494,669990,52,D,5278.0,2011-06-22
Isf..Oil.Ref..Co.,20110621,5300.0,5329.0,5201.0,5278.0,543585302,102756,39,D,5277.0,2011-06-21
Isf..Oil.Ref..Co.,20110620,5201.0,5300.0,5201.0,5277.0,719732333,136162,21,D,5276.0,2011-06-20
Isf..Oil.Ref..Co.,20110619,5140.0,5296.0,5140.0,5276.0,261986532,50728,16,D,5279.0,2011-06-19
Isf..Oil.Ref..Co.,20110618,5071.0,5349.0,5071.0,5279.0,2537917764,479710,41,D,5274.0,2011-06-18
Isf..Oil.Ref..Co.,20110615,5200.0,5200.0,5115.0,5274.0,2783353787,539272,40,D,5328.0,2011-06-15
Isf..Oil.Ref..Co.,20110614,5300.0,5300.0,5200.0,5328.0,5488000263,1039734,52,D,5410.0,2011-06-14
Isf..Oil.Ref..Co.,20110613,5410.0,5410.0,5331.0,5410.0,1059447741,197885,24,D,5418.0,2011-06-13
Isf..Oil.Ref..Co.,20110612,5350.0,5490.0,5350.0,5418.0,1977529622,362194,26,D,5406.0,2011-06-12
Isf..Oil.Ref..Co.,20110611,5350.0,5389.0,5350.0,5406.0,1088341636,203383,49,D,5414.0,2011-06-11
Isf..Oil.Ref..Co.,20110608,5449.0,5500.0,5302.0,5414.0,1553117594,283658,34,D,5402.0,2011-06-08
Isf..Oil.Ref..Co.,20110607,5320.0,5500.0,5308.0,5402.0,1006340492,184532,26,D,5396.0,2011-06-07
Isf..Oil.Ref..Co.,20110606,5420.0,5460.0,5400.0,5396.0,893576798,165144,42,D,5394.0,2011-06-06
Isf..Oil.Ref..Co.,20110601,5400.0,5400.0,5310.0,5394.0,432416092,80942,35,D,5397.0,2011-06-01
Isf..Oil.Ref..Co.,20110531,5379.0,5500.0,5379.0,5397.0,2375846087,436256,39,D,5379.0,2011-05-31
Isf..Oil.Ref..Co.,20110530,5180.0,5400.0,5180.0,5379.0,1428373644,268618,43,D,5391.0,2011-05-30
Isf..Oil.Ref..Co.,20110529,5370.0,5409.0,5300.0,5391.0,8417167488,1562226,178,D,5433.0,2011-05-29
Isf..Oil.Ref..Co.,20110528,5401.0,5431.0,5262.0,5433.0,1755410925,327175,39,D,5449.0,2011-05-28
Isf..Oil.Ref..Co.,20110525,5450.0,5500.0,5401.0,5449.0,7423558768,1367715,197,D,5548.0,2011-05-25
Isf..Oil.Ref..Co.,20110524,5452.0,5530.0,5445.0,5548.0,4066911878,741218,52,D,5598.0,2011-05-24
Isf..Oil.Ref..Co.,20110523,5500.0,5509.0,5412.0,5598.0,1879834886,344655,48,D,5635.0,2011-05-23
Isf..Oil.Ref..Co.,20110522,5640.0,5640.0,5419.0,5635.0,440939960,80925,31,D,5644.0,2011-05-22
Isf..Oil.Ref..Co.,20110521,5427.0,5500.0,5427.0,5644.0,413283872,75880,23,D,5653.0,2011-05-21
Isf..Oil.Ref..Co.,20110516,5550.0,5660.0,5550.0,5653.0,1640465066,291302,47,D,5657.0,2011-05-16
Isf..Oil.Ref..Co.,20110515,5649.0,5700.0,5562.0,5657.0,1012047693,180584,51,D,5663.0,2011-05-15
Isf..Oil.Ref..Co.,20110514,5630.0,5880.0,5630.0,5663.0,206376967,35959,16,D,5661.0,2011-05-14
Isf..Oil.Ref..Co.,20110511,5680.0,5680.0,5521.0,5661.0,696149612,124542,41,D,5667.0,2011-05-11
Isf..Oil.Ref..Co.,20110510,5688.0,5688.0,5582.0,5667.0,8657843852,1522767,138,D,5470.0,2011-05-10
Isf..Oil.Ref..Co.,20110509,5371.0,5550.0,5371.0,5470.0,412245004,75134,37,D,5469.0,2011-05-09
Isf..Oil.Ref..Co.,20110508,5590.0,5600.0,5257.0,5469.0,1093084775,201600,108,D,5476.0,2011-05-08
Isf..Oil.Ref..Co.,20110504,5322.0,5600.0,5322.0,5476.0,764905041,139078,46,D,5474.0,2011-05-04
Isf..Oil.Ref..Co.,20110503,5646.0,5646.0,5539.0,5474.0,2129360477,378270,99,D,5429.0,2011-05-03
Isf..Oil.Ref..Co.,20110502,5628.0,5628.0,5627.0,5429.0,742866000,132000,29,D,5412.0,2011-05-02
Isf..Oil.Ref..Co.,20110501,5256.0,5388.0,5256.0,5412.0,3071032248,580174,93,D,5475.0,2011-05-01
Isf..Oil.Ref..Co.,20110430,5520.0,5520.0,5466.0,5475.0,8769655772,1604302,155,D,5693.0,2011-04-30
Isf..Oil.Ref..Co.,20110427,5612.0,5631.0,5522.0,5693.0,2564125257,462792,97,D,5752.0,2011-04-27
Isf..Oil.Ref..Co.,20110426,5620.0,5699.0,5606.0,5752.0,956027252,169238,25,D,5764.0,2011-04-26
Isf..Oil.Ref..Co.,20110425,5706.0,5770.0,5600.0,5764.0,2188066981,384261,87,D,5785.0,2011-04-25
Isf..Oil.Ref..Co.,20110424,5950.0,5950.0,5702.0,5785.0,568099320,98363,56,D,5786.0,2011-04-24
Isf..Oil.Ref..Co.,20110423,5757.0,5948.0,5757.0,5786.0,4011334410,687943,75,D,5754.0,2011-04-23
Isf..Oil.Ref..Co.,20110420,5660.0,5801.0,5660.0,5754.0,7588702851,1327203,119,D,5895.0,2011-04-20
Isf..Oil.Ref..Co.,20110419,5811.0,5868.0,5715.0,5895.0,2535632507,442069,76,D,5953.0,2011-04-19
Isf..Oil.Ref..Co.,20110418,5875.0,5898.0,5811.0,5953.0,2280874367,389507,116,D,5983.0,2011-04-18
Isf..Oil.Ref..Co.,20110417,5999.0,5999.0,5871.0,5983.0,1079702516,182864,86,D,5993.0,2011-04-17
Isf..Oil.Ref..Co.,20110416,6051.0,6100.0,5932.0,5993.0,5461125942,913735,136,D,6012.0,2011-04-16
Isf..Oil.Ref..Co.,20110413,5911.0,6018.0,5872.0,6012.0,3172907969,535242,107,D,6052.0,2011-04-13
Isf..Oil.Ref..Co.,20110412,6005.0,6064.0,5911.0,6052.0,3276175117,548355,163,D,6090.0,2011-04-12
Isf..Oil.Ref..Co.,20110411,6050.0,6199.0,5975.0,6090.0,3822489618,630992,124,D,6110.0,2011-04-11
Isf..Oil.Ref..Co.,20110410,6015.0,6120.0,5970.0,6110.0,2429858475,403801,114,D,6140.0,2011-04-10
Isf..Oil.Ref..Co.,20110409,6150.0,6353.0,6011.0,6140.0,6655752131,1081132,221,D,6109.0,2011-04-09
Isf..Oil.Ref..Co.,20110406,6103.0,6230.0,6053.0,6109.0,15657213390,2563062,383,D,6305.0,2011-04-06
Isf..Oil.Ref..Co.,20110405,6500.0,6500.0,6154.0,6305.0,5722925784,903464,201,D,6270.0,2011-04-05
Isf..Oil.Ref..Co.,20110404,6065.0,6283.0,6065.0,6270.0,12295642455,1961030,158,D,6042.0,2011-04-04
Isf..Oil.Ref..Co.,20110403,5919.0,6094.0,5919.0,6042.0,8877676673,1463171,233,D,5860.0,2011-04-03
Isf..Oil.Ref..Co.,20110330,5900.0,5990.0,5760.0,5860.0,5138216669,877983,115,D,5869.0,2011-03-30
Isf..Oil.Ref..Co.,20110329,5897.0,5900.0,5764.0,5869.0,3374900292,579773,83,D,5894.0,2011-03-29
Isf..Oil.Ref..Co.,20110328,5803.0,5899.0,5770.0,5894.0,4305158751,738288,101,D,5944.0,2011-03-28
Isf..Oil.Ref..Co.,20110327,6000.0,6116.0,5761.0,5944.0,3970401667,657217,146,D,5881.0,2011-03-27
Isf..Oil.Ref..Co.,20110326,5787.0,5935.0,5787.0,5881.0,7798513131,1315852,145,D,5707.0,2011-03-26
Isf..Oil.Ref..Co.,20110319,5700.0,5795.0,5691.0,5707.0,18129327011,3176568,191,D,5615.0,2011-03-19
Isf..Oil.Ref..Co.,20110316,5700.0,5850.0,5500.0,5615.0,10552757550,1879338,170,D,5632.0,2011-03-16
Isf..Oil.Ref..Co.,20110315,5610.0,5695.0,5594.0,5632.0,8640213895,1530294,147,D,5476.0,2011-03-15
Isf..Oil.Ref..Co.,20110314,5461.0,5650.0,5440.0,5476.0,5185400999,942931,151,D,5445.0,2011-03-14
Isf..Oil.Ref..Co.,20110313,5400.0,5479.0,5397.0,5445.0,2033230793,372600,93,D,5441.0,2011-03-13
Isf..Oil.Ref..Co.,20110312,5556.0,5648.0,5437.0,5441.0,9692795536,1781388,165,D,5663.0,2011-03-12
Isf..Oil.Ref..Co.,20110309,5440.0,5751.0,5440.0,5663.0,8683079402,1530024,261,D,5530.0,2011-03-09
Isf..Oil.Ref..Co.,20110308,5445.0,5446.0,5390.0,5530.0,3572919302,660904,140,D,5612.0,2011-03-08
Isf..Oil.Ref..Co.,20110307,5463.0,5500.0,5450.0,5612.0,1630102366,298648,82,D,5646.0,2011-03-07
Isf..Oil.Ref..Co.,20110306,5701.0,5750.0,5500.0,5646.0,1837098761,328918,95,D,5661.0,2011-03-06
Isf..Oil.Ref..Co.,20110305,5621.0,5799.0,5600.0,5661.0,1842179546,324503,75,D,5657.0,2011-03-05
Isf..Oil.Ref..Co.,20110220,5650.0,5699.0,5551.0,5657.0,5808114805,1034278,123,D,5726.0,2011-02-20
Isf..Oil.Ref..Co.,20110219,5720.0,5755.0,5650.0,5726.0,6000397756,1055224,161,D,5794.0,2011-02-19
Isf..Oil.Ref..Co.,20110216,5800.0,5800.0,5680.0,5794.0,4493557625,785866,154,D,5862.0,2011-02-16
Isf..Oil.Ref..Co.,20110215,5850.0,5900.0,5797.0,5862.0,8975503235,1533401,205,D,5959.0,2011-02-15
Isf..Oil.Ref..Co.,20110214,5950.0,6000.0,5820.0,5959.0,18620573773,3124955,334,D,6011.0,2011-02-14
Isf..Oil.Ref..Co.,20110213,6140.0,6140.0,5799.0,6011.0,36519650951,6075088,565,D,5908.0,2011-02-13
Isf..Oil.Ref..Co.,20110212,5908.0,5908.0,5908.0,5908.0,9989600880,1690860,112,D,5681.0,2011-02-12
Isf..Oil.Ref..Co.,20110209,5620.0,5690.0,5605.0,5681.0,17619165768,3101641,312,D,5472.0,2011-02-09
Isf..Oil.Ref..Co.,20110208,5472.0,5472.0,5470.0,5472.0,14960749904,2734057,241,D,5262.0,2011-02-08
Isf..Oil.Ref..Co.,20110207,5100.0,5312.0,5088.0,5262.0,11712777852,2226123,215,D,5108.0,2011-02-07
Isf..Oil.Ref..Co.,20110206,5002.0,5109.0,5002.0,5108.0,2291453061,452828,88,D,5126.0,2011-02-06
Isf..Oil.Ref..Co.,20110205,5200.0,5210.0,5142.0,5126.0,5219702137,1005865,147,D,5029.0,2011-02-05
Isf..Oil.Ref..Co.,20110130,5030.0,5130.0,4945.0,5029.0,9671335684,1923037,237,D,5131.0,2011-01-30
Isf..Oil.Ref..Co.,20110129,5208.0,5208.0,5002.0,5131.0,6619713774,1280792,178,D,5008.0,2011-01-29
Isf..Oil.Ref..Co.,20110126,5138.0,5144.0,5100.0,5008.0,2690087524,523353,62,D,4947.0,2011-01-26
Isf..Oil.Ref..Co.,20110124,4999.0,5049.0,4995.0,4947.0,4186938845,830759,124,D,4855.0,2011-01-24
Isf..Oil.Ref..Co.,20110123,4879.0,4998.0,4771.0,4855.0,4329245488,883986,127,D,4806.0,2011-01-23
Isf..Oil.Ref..Co.,20110122,4800.0,4870.0,4772.0,4806.0,1961868375,408031,69,D,4805.0,2011-01-22
Isf..Oil.Ref..Co.,20110119,4750.0,4899.0,4750.0,4805.0,1848599128,382037,108,D,4795.0,2011-01-19
Isf..Oil.Ref..Co.,20110118,4699.0,4770.0,4699.0,4795.0,939410652,198523,48,D,4803.0,2011-01-18
Isf..Oil.Ref..Co.,20110117,4818.0,4830.0,4732.0,4803.0,460148662,96974,28,D,4807.0,2011-01-17
Isf..Oil.Ref..Co.,20110116,4690.0,4841.0,4683.0,4807.0,2646138106,553031,76,D,4818.0,2011-01-16
Isf..Oil.Ref..Co.,20110115,4777.0,4777.0,4687.0,4818.0,1158049159,245950,68,D,4837.0,2011-01-15
Isf..Oil.Ref..Co.,20110112,4761.0,4850.0,4761.0,4837.0,2614607685,544218,69,D,4853.0,2011-01-12
Isf..Oil.Ref..Co.,20110111,4670.0,4900.0,4670.0,4853.0,3274609789,673458,145,D,4847.0,2011-01-11
Isf..Oil.Ref..Co.,20110110,5000.0,5040.0,4723.0,4847.0,4620608474,963805,173,D,4919.0,2011-01-10
Isf..Oil.Ref..Co.,20110109,4950.0,4983.0,4856.0,4919.0,7226305879,1463857,231,D,4792.0,2011-01-09
Isf..Oil.Ref..Co.,20110108,4611.0,4838.0,4611.0,4792.0,7084642451,1472824,242,D,4652.0,2011-01-08
Isf..Oil.Ref..Co.,20110105,4601.0,4700.0,4579.0,4652.0,1504414874,324226,97,D,4655.0,2011-01-05
Isf..Oil.Ref..Co.,20110104,4590.0,4626.0,4550.0,4655.0,1492523213,323963,106,D,4667.0,2011-01-04
Isf..Oil.Ref..Co.,20110103,4600.0,4600.0,4524.0,4667.0,838850108,183462,61,D,4679.0,2011-01-03
Isf..Oil.Ref..Co.,20110102,4580.0,4680.0,4550.0,4679.0,3396936312,735436,151,D,4726.0,2011-01-02
Isf..Oil.Ref..Co.,20110101,4667.0,4853.0,4667.0,4726.0,8684743560,1837485,284,D,4322.0,2011-01-01
Isf..Oil.Ref..Co.,20101229,4494.0,4494.0,4494.0,4322.0,44940,10,1,D,4322.0,2010-12-29
Isf..Oil.Ref..Co.,20101228,4492.0,4492.0,4492.0,4322.0,67380000,15000,1,D,4320.0,2010-12-28
Isf..Oil.Ref..Co.,20101227,4491.0,4491.0,4491.0,4320.0,55544688,12368,4,D,4319.0,2010-12-27
Isf..Oil.Ref..Co.,20101226,4484.0,4484.0,4484.0,4319.0,282841752,63078,8,D,4312.0,2010-12-26
Isf..Oil.Ref..Co.,20101225,4475.0,4475.0,4475.0,4312.0,407717250,91110,19,D,4303.0,2010-12-25
Isf..Oil.Ref..Co.,20101222,4243.0,4380.0,4243.0,4303.0,1776423073,411481,89,D,4298.0,2010-12-22
Isf..Oil.Ref..Co.,20101221,4300.0,4300.0,4210.0,4298.0,950335345,224341,63,D,4308.0,2010-12-21
Isf..Oil.Ref..Co.,20101220,4300.0,4360.0,4250.0,4308.0,1138966069,265965,61,D,4313.0,2010-12-20
Isf..Oil.Ref..Co.,20101219,4340.0,4340.0,4201.0,4313.0,2933450043,694453,139,D,4376.0,2010-12-19
Isf..Oil.Ref..Co.,20101218,4380.0,4408.0,4350.0,4376.0,1357991001,310990,62,D,4378.0,2010-12-18
Isf..Oil.Ref..Co.,20101214,4420.0,4420.0,4380.0,4378.0,716527825,162820,58,D,4376.0,2010-12-14
Isf..Oil.Ref..Co.,20101213,4415.0,4415.0,4391.0,4376.0,843909201,191784,51,D,4373.0,2010-12-13
Isf..Oil.Ref..Co.,20101212,4457.0,4457.0,4398.0,4373.0,470964499,106809,32,D,4370.0,2010-12-12
Isf..Oil.Ref..Co.,20101211,4380.0,4440.0,4367.0,4370.0,1130431374,257356,55,D,4366.0,2010-12-11
Isf..Oil.Ref..Co.,20101208,4305.0,4450.0,4305.0,4366.0,813871502,185530,54,D,4363.0,2010-12-08
Isf..Oil.Ref..Co.,20101207,4300.0,4320.0,4282.0,4363.0,892747070,207532,63,D,4372.0,2010-12-07
Isf..Oil.Ref..Co.,20101206,4300.0,4330.0,4300.0,4372.0,1524649892,354271,77,D,4390.0,2010-12-06
Isf..Oil.Ref..Co.,20101205,4352.0,4379.0,4260.0,4390.0,1360653493,316093,109,D,4410.0,2010-12-05
Isf..Oil.Ref..Co.,20101204,4430.0,4470.0,4340.0,4410.0,1954759294,445513,67,D,4418.0,2010-12-04
Isf..Oil.Ref..Co.,20101201,4399.0,4400.0,4360.0,4418.0,1150873096,262833,67,D,4425.0,2010-12-01
Isf..Oil.Ref..Co.,20101130,4400.0,4400.0,4360.0,4425.0,1189995690,272345,55,D,4436.0,2010-11-30
Isf..Oil.Ref..Co.,20101129,4475.0,4475.0,4310.0,4436.0,3167093861,722662,139,D,4477.0,2010-11-29
Isf..Oil.Ref..Co.,20101128,4460.0,4519.0,4452.0,4477.0,1028566311,229709,79,D,4477.0,2010-11-28
Isf..Oil.Ref..Co.,20101127,4460.0,4497.0,4450.0,4477.0,1327683026,297892,61,D,4481.0,2010-11-27
Isf..Oil.Ref..Co.,20101124,4481.0,4481.0,4399.0,4481.0,2831556825,640745,115,D,4519.0,2010-11-24
Isf..Oil.Ref..Co.,20101123,4491.0,4519.0,4472.0,4519.0,1663201338,370082,70,D,4526.0,2010-11-23
Isf..Oil.Ref..Co.,20101122,4500.0,4520.0,4490.0,4526.0,1125640010,250170,77,D,4531.0,2010-11-22
Isf..Oil.Ref..Co.,20101121,4500.0,4539.0,4474.0,4531.0,3908086588,867975,95,D,4563.0,2010-11-21
Isf..Oil.Ref..Co.,20101120,4550.0,4576.0,4501.0,4563.0,3408014971,748951,79,D,4574.0,2010-11-20
Isf..Oil.Ref..Co.,20101116,4600.0,4612.0,4500.0,4574.0,4726092249,1041292,125,D,4632.0,2010-11-16
Isf..Oil.Ref..Co.,20101115,4749.0,4749.0,4609.0,4632.0,7181956497,1554629,176,D,4801.0,2010-11-15
Isf..Oil.Ref..Co.,20101114,4701.0,4900.0,4700.0,4801.0,5221849953,1093995,203,D,4855.0,2010-11-14
Isf..Oil.Ref..Co.,20101113,5026.0,5026.0,4724.0,4855.0,11864164996,2443554,348,D,4920.0,2010-11-13
Isf..Oil.Ref..Co.,20101110,4928.0,4928.0,4800.0,4920.0,24695374490,5019463,395,D,4739.0,2010-11-10
Isf..Oil.Ref..Co.,20101109,4588.0,4752.0,4567.0,4739.0,8743877921,1845219,134,D,4570.0,2010-11-09
Isf..Oil.Ref..Co.,20101108,4560.0,4579.0,4550.0,4570.0,2246203963,492614,46,D,4575.0,2010-11-08
Isf..Oil.Ref..Co.,20101107,4670.0,4690.0,4562.0,4575.0,1158390673,250689,56,D,4567.0,2010-11-07
Isf..Oil.Ref..Co.,20101106,4599.0,4695.0,4599.0,4567.0,900661979,195237,51,D,4561.0,2010-11-06
Isf..Oil.Ref..Co.,20101103,4578.0,4657.0,4578.0,4561.0,1059123705,228831,48,D,4550.0,2010-11-03
Isf..Oil.Ref..Co.,20101102,4508.0,4589.0,4508.0,4550.0,626295246,137456,34,D,4549.0,2010-11-02
Isf..Oil.Ref..Co.,20101101,4510.0,4589.0,4480.0,4549.0,429456948,95277,33,D,4551.0,2010-11-01
Isf..Oil.Ref..Co.,20101031,4713.0,4713.0,4581.0,4551.0,1369468538,295135,82,D,4532.0,2010-10-31
Isf..Oil.Ref..Co.,20101030,4471.0,4646.0,4471.0,4532.0,3197409387,691823,121,D,4468.0,2010-10-30
Isf..Oil.Ref..Co.,20101027,4389.0,4470.0,4352.0,4468.0,2742897856,625824,63,D,4520.0,2010-10-27
Isf..Oil.Ref..Co.,20101026,4550.0,4590.0,4390.0,4520.0,961569098,217684,41,D,4536.0,2010-10-26
Isf..Oil.Ref..Co.,20101025,4459.0,4459.0,4432.0,4536.0,3240384277,730788,73,D,4616.0,2010-10-25
Isf..Oil.Ref..Co.,20101024,4584.0,4589.0,4460.0,4616.0,1404709291,311595,72,D,4641.0,2010-10-24
Isf..Oil.Ref..Co.,20101023,4550.0,4650.0,4550.0,4641.0,970858036,210895,54,D,4647.0,2010-10-23
Isf..Oil.Ref..Co.,20101020,4581.0,4582.0,4550.0,4647.0,1234379002,270069,59,D,4662.0,2010-10-20
Isf..Oil.Ref..Co.,20101019,4770.0,4770.0,4580.0,4662.0,2415058590,522103,88,D,4679.0,2010-10-19
Isf..Oil.Ref..Co.,20101018,4561.0,4735.0,4561.0,4679.0,5655579244,1196068,132,D,4553.0,2010-10-18
Isf..Oil.Ref..Co.,20101017,4410.0,4600.0,4410.0,4553.0,1185420396,261200,70,D,4556.0,2010-10-17
Isf..Oil.Ref..Co.,20101016,4436.0,4530.0,4436.0,4556.0,2951722912,661932,129,D,4620.0,2010-10-16
Isf..Oil.Ref..Co.,20101013,4458.0,4458.0,4458.0,4620.0,926461560,207820,38,D,4643.0,2010-10-13
Isf..Oil.Ref..Co.,20101012,4600.0,4600.0,4540.0,4643.0,3490482467,768517,104,D,4729.0,2010-10-12
Isf..Oil.Ref..Co.,20101011,4600.0,4620.0,4587.0,4729.0,2018207562,439338,86,D,4778.0,2010-10-11
Isf..Oil.Ref..Co.,20101010,4751.0,4751.0,4663.0,4778.0,3493773748,746520,164,D,4857.0,2010-10-10
Isf..Oil.Ref..Co.,20101009,4777.0,4794.0,4714.0,4857.0,733942262,154715,54,D,4869.0,2010-10-09
Isf..Oil.Ref..Co.,20101006,4870.0,4910.0,4760.0,4869.0,1120309987,231121,83,D,4873.0,2010-10-06
Isf..Oil.Ref..Co.,20101005,4970.0,4970.0,4873.0,4873.0,640233203,131011,47,D,4872.0,2010-10-05
Isf..Oil.Ref..Co.,20101003,4980.0,4980.0,4850.0,4872.0,14912567660,3060665,93,D,4938.0,2010-10-03
Isf..Oil.Ref..Co.,20101002,5000.0,5081.0,4920.0,4938.0,4159447533,833471,147,D,4886.0,2010-10-02
Isf..Oil.Ref..Co.,20100929,4888.0,4888.0,4856.0,4886.0,1410767329,289447,61,D,4888.0,2010-09-29
Isf..Oil.Ref..Co.,20100928,4850.0,4930.0,4750.0,4888.0,1460057978,300051,76,D,4893.0,2010-09-28
Isf..Oil.Ref..Co.,20100927,4849.0,4900.0,4810.0,4893.0,1960872599,404658,65,D,4908.0,2010-09-27
Isf..Oil.Ref..Co.,20100926,4951.0,4998.0,4737.0,4908.0,2390544808,493361,118,D,4934.0,2010-09-26
Isf..Oil.Ref..Co.,20100925,5010.0,5050.0,4960.0,4934.0,1156058336,231246,70,D,4923.0,2010-09-25
Isf..Oil.Ref..Co.,20100922,4951.0,5020.0,4950.0,4923.0,1797726504,360788,96,D,4907.0,2010-09-22
Isf..Oil.Ref..Co.,20100921,4849.0,5053.0,4830.0,4907.0,1810653350,365961,90,D,4896.0,2010-09-21
Isf..Oil.Ref..Co.,20100920,4876.0,4910.0,4850.0,4896.0,10413283488,2126922,111,D,4979.0,2010-09-20
Isf..Oil.Ref..Co.,20100919,5029.0,5029.0,4826.0,4979.0,2940279420,600806,151,D,5027.0,2010-09-19
Isf..Oil.Ref..Co.,20100918,4999.0,5100.0,4950.0,5027.0,1730492390,346504,100,D,5036.0,2010-09-18
Isf..Oil.Ref..Co.,20100915,5000.0,5027.0,4954.0,5036.0,1576645154,316218,61,D,5048.0,2010-09-15
Isf..Oil.Ref..Co.,20100914,4996.0,5010.0,4917.0,5048.0,1804979807,363864,87,D,5073.0,2010-09-14
Isf..Oil.Ref..Co.,20100913,5100.0,5100.0,4998.0,5073.0,5836952100,1163786,220,D,5206.0,2010-09-13
Isf..Oil.Ref..Co.,20100912,5152.0,5185.0,5029.0,5206.0,2243576808,438410,99,D,5238.0,2010-09-12
Isf..Oil.Ref..Co.,20100908,5083.0,5239.0,5083.0,5238.0,3237841679,628376,101,D,5289.0,2010-09-08
Isf..Oil.Ref..Co.,20100907,5400.0,5400.0,5106.0,5289.0,2925662857,558864,107,D,5317.0,2010-09-07
Isf..Oil.Ref..Co.,20100906,5319.0,5400.0,5299.0,5317.0,6270807827,1177249,141,D,5292.0,2010-09-06
Isf..Oil.Ref..Co.,20100905,5390.0,5390.0,5210.0,5292.0,17639480978,3332970,299,D,5228.0,2010-09-05
Isf..Oil.Ref..Co.,20100904,5390.0,5390.0,5390.0,5228.0,1940351490,359991,67,D,5183.0,2010-09-04
Isf..Oil.Ref..Co.,20100831,5102.0,5250.0,5102.0,5183.0,6585412952,1266492,232,D,5128.0,2010-08-31
Isf..Oil.Ref..Co.,20100830,5167.0,5179.0,5040.0,5128.0,3524187036,693016,131,D,5158.0,2010-08-30
Isf..Oil.Ref..Co.,20100829,4961.0,5174.0,4961.0,5158.0,10892199391,2111576,271,D,4975.0,2010-08-29
Isf..Oil.Ref..Co.,20100828,4901.0,4990.0,4900.0,4975.0,3019532987,611552,127,D,4997.0,2010-08-28
Isf..Oil.Ref..Co.,20100825,4950.0,4997.0,4891.0,4997.0,4654869132,943776,188,D,5082.0,2010-08-25
Isf..Oil.Ref..Co.,20100824,5080.0,5184.0,4922.0,5082.0,13518120275,2659970,453,D,4985.0,2010-08-24
Isf..Oil.Ref..Co.,20100823,5014.0,5014.0,5014.0,4985.0,7098359912,1415708,76,D,4822.0,2010-08-23
Isf..Oil.Ref..Co.,20100822,4903.0,4903.0,4903.0,4822.0,4640954262,946554,42,D,4715.0,2010-08-22
Isf..Oil.Ref..Co.,20100821,4870.0,4870.0,4870.0,4715.0,1376154860,282578,23,D,4683.0,2010-08-21
Isf..Oil.Ref..Co.,20100818,4650.0,4782.0,4600.0,4683.0,4116607842,864704,157,D,4599.0,2010-08-18
Isf..Oil.Ref..Co.,20100817,4550.0,4650.0,4500.0,4599.0,2622961135,573500,102,D,4612.0,2010-08-17
Isf..Oil.Ref..Co.,20100816,4481.0,4600.0,4481.0,4612.0,1710380096,375745,79,D,4629.0,2010-08-16
Isf..Oil.Ref..Co.,20100815,4590.0,4590.0,4465.0,4629.0,1016425539,225728,77,D,4649.0,2010-08-15
Isf..Oil.Ref..Co.,20100814,4702.0,4702.0,4556.0,4649.0,4505028320,983200,122,D,4745.0,2010-08-14
Isf..Oil.Ref..Co.,20100811,4839.0,4839.0,4650.0,4745.0,5163845143,1076806,220,D,4653.0,2010-08-11
Isf..Oil.Ref..Co.,20100810,4818.0,4818.0,4818.0,4653.0,866502846,179847,39,D,4633.0,2010-08-10
Isf..Oil.Ref..Co.,20100809,4600.0,4765.0,4600.0,4633.0,4414729359,945106,159,D,4582.0,2010-08-09
Isf..Oil.Ref..Co.,20100808,4574.0,4619.0,4512.0,4582.0,2870330264,624496,111,D,4574.0,2010-08-08
Isf..Oil.Ref..Co.,20100807,4649.0,4653.0,4561.0,4574.0,2418325825,523298,128,D,4552.0,2010-08-07
Isf..Oil.Ref..Co.,20100804,4600.0,4630.0,4520.0,4552.0,4400854033,961221,197,D,4516.0,2010-08-04
Isf..Oil.Ref..Co.,20100803,4490.0,4550.0,4490.0,4516.0,6445732465,1419621,255,D,4375.0,2010-08-03
Isf..Oil.Ref..Co.,20100802,4378.0,4500.0,4320.0,4375.0,3438268007,780992,175,D,4351.0,2010-08-02
Isf..Oil.Ref..Co.,20100801,4315.0,4380.0,4271.0,4351.0,2649878529,616270,155,D,4381.0,2010-08-01
Isf..Oil.Ref..Co.,20100731,4400.0,4400.0,4260.0,4381.0,2810169941,653371,158,D,4432.0,2010-07-31
Isf..Oil.Ref..Co.,20100728,4469.0,4469.0,4345.0,4432.0,2646785570,605219,121,D,4465.0,2010-07-28
Isf..Oil.Ref..Co.,20100726,4600.0,4600.0,4350.0,4465.0,4882383493,1096243,243,D,4486.0,2010-07-26
Isf..Oil.Ref..Co.,20100725,4400.0,4545.0,4400.0,4486.0,6165460529,1374483,311,D,4735.0,2010-07-25
Isf..Oil.Ref..Co.,20100711,4725.0,4848.0,4725.0,4735.0,1141173447,239137,51,D,4729.0,2010-07-11
Isf..Oil.Ref..Co.,20100707,4670.0,4699.0,4662.0,4729.0,845162474,180670,47,D,4735.0,2010-07-07
Isf..Oil.Ref..Co.,20100706,4690.0,4700.0,4630.0,4735.0,1339061975,288136,60,D,4753.0,2010-07-06
Isf..Oil.Ref..Co.,20100705,4650.0,4700.0,4601.0,4753.0,997524367,214780,44,D,4769.0,2010-07-05
Isf..Oil.Ref..Co.,20100704,4655.0,4684.0,4650.0,4769.0,840601683,180683,40,D,4783.0,2010-07-04
Isf..Oil.Ref..Co.,20100703,4790.0,4790.0,4652.0,4783.0,1471701051,313656,60,D,4804.0,2010-07-03
Isf..Oil.Ref..Co.,20100630,4740.0,4740.0,4660.0,4804.0,1356479595,289218,77,D,4828.0,2010-06-30
Isf..Oil.Ref..Co.,20100629,4855.0,4855.0,4706.0,4828.0,7524007277,1554879,158,D,4669.0,2010-06-29
Isf..Oil.Ref..Co.,20100628,4851.0,4851.0,4851.0,4669.0,193021290,39790,8,D,4665.0,2010-06-28
Isf..Oil.Ref..Co.,20100627,4823.0,4823.0,4823.0,4665.0,264464382,54834,14,D,4660.0,2010-06-27
Isf..Oil.Ref..Co.,20100623,4782.0,4782.0,4782.0,4660.0,1940468652,405786,33,D,4621.0,2010-06-23
Isf..Oil.Ref..Co.,20100622,4757.0,4757.0,4756.0,4621.0,1212281251,254843,66,D,4597.0,2010-06-22
Isf..Oil.Ref..Co.,20100621,4571.0,4700.0,4571.0,4597.0,2886918653,615494,126,D,4542.0,2010-06-21
Isf..Oil.Ref..Co.,20100620,4569.0,4599.0,4440.0,4542.0,5248881818,1155604,198,D,5225.0,2010-06-20
Isf..Oil.Ref..Co.,20100523,5141.0,5160.0,5130.0,5225.0,248726144,48320,19,D,5227.0,2010-05-23
Isf..Oil.Ref..Co.,20100522,5200.0,5218.0,5123.0,5227.0,604532994,117577,56,D,5233.0,2010-05-22
Isf..Oil.Ref..Co.,20100519,5160.0,5160.0,5117.0,5233.0,3328281586,649319,114,D,5302.0,2010-05-19
Isf..Oil.Ref..Co.,20100518,5285.0,5287.0,5160.0,5302.0,1643570935,316232,108,D,5327.0,2010-05-18
Isf..Oil.Ref..Co.,20100516,5230.0,5280.0,5230.0,5327.0,1506694863,286563,71,D,5341.0,2010-05-16
Isf..Oil.Ref..Co.,20100515,5370.0,5370.0,5238.0,5341.0,1471933999,279348,78,D,5355.0,2010-05-15
Isf..Oil.Ref..Co.,20100512,5251.0,5300.0,5230.0,5355.0,1473156695,280230,55,D,5375.0,2010-05-12
Isf..Oil.Ref..Co.,20100511,5321.0,5390.0,5220.0,5375.0,1801339391,340443,91,D,5396.0,2010-05-11
Isf..Oil.Ref..Co.,20100510,5345.0,5404.0,5320.0,5396.0,1401638855,261114,87,D,5401.0,2010-05-10
Isf..Oil.Ref..Co.,20100509,5397.0,5397.0,5300.0,5401.0,3134211923,587787,120,D,5438.0,2010-05-09
Isf..Oil.Ref..Co.,20100508,5342.0,5490.0,5342.0,5438.0,4813648588,898786,126,D,5535.0,2010-05-08
Isf..Oil.Ref..Co.,20100505,5598.0,5630.0,5272.0,5535.0,12414657525,2242854,308,D,5461.0,2010-05-05
Isf..Oil.Ref..Co.,20100504,5297.0,5525.0,5287.0,5461.0,7653516750,1395616,174,D,5339.0,2010-05-04
Isf..Oil.Ref..Co.,20100503,5300.0,5350.0,5221.0,5339.0,4380365715,827073,136,D,5381.0,2010-05-03
Isf..Oil.Ref..Co.,20100502,5485.0,5500.0,5300.0,5381.0,8176467527,1521530,214,D,5454.0,2010-05-02
Isf..Oil.Ref..Co.,20100501,5498.0,5515.0,5312.0,5454.0,17509809949,3210374,492,D,5401.0,2010-05-01
Isf..Oil.Ref..Co.,20100428,5401.0,5401.0,5401.0,5401.0,9610706831,1779431,88,D,5219.0,2010-04-28
Isf..Oil.Ref..Co.,20100427,5283.0,5283.0,5283.0,5219.0,5610403359,1061973,39,D,5105.0,2010-04-27
Isf..Oil.Ref..Co.,20100426,5003.0,5178.0,5003.0,5105.0,5227751164,1011121,59,D,5003.0,2010-04-26
Isf..Oil.Ref..Co.,20100425,5010.0,5020.0,4950.0,5003.0,3519025399,705845,124,D,5015.0,2010-04-25
Isf..Oil.Ref..Co.,20100424,5029.0,5050.0,4970.0,5015.0,3068174097,612954,152,D,5021.0,2010-04-24
Isf..Oil.Ref..Co.,20100421,5050.0,5070.0,4902.0,5021.0,2693878423,540449,110,D,5038.0,2010-04-21
Isf..Oil.Ref..Co.,20100420,5090.0,5100.0,4992.0,5038.0,5594167835,1114522,193,D,5076.0,2010-04-20
Isf..Oil.Ref..Co.,20100419,5189.0,5197.0,5000.0,5076.0,10035854086,1976947,303,D,5029.0,2010-04-19
Isf..Oil.Ref..Co.,20100418,4773.0,5071.0,4773.0,5029.0,7355575468,1457377,284,D,4900.0,2010-04-18
Isf..Oil.Ref..Co.,20100417,4876.0,4878.0,4876.0,4900.0,6990093260,1433559,177,D,5052.0,2010-04-17
Isf..Oil.Ref..Co.,20100414,4993.0,5002.0,4973.0,5052.0,4865855939,976845,142,D,5153.0,2010-04-14
Isf..Oil.Ref..Co.,20100413,5160.0,5280.0,5114.0,5153.0,7694473683,1497903,200,D,5299.0,2010-04-13
Isf..Oil.Ref..Co.,20100412,5403.0,5403.0,5281.0,5299.0,8209010478,1552745,118,D,5472.0,2010-04-12
Isf..Oil.Ref..Co.,20100411,5458.0,5599.0,5370.0,5472.0,3446073161,634718,122,D,5499.0,2010-04-11
Isf..Oil.Ref..Co.,20100410,5668.0,5668.0,5484.0,5499.0,9916638712,1803265,249,D,5682.0,2010-04-10
Isf..Oil.Ref..Co.,20100407,5750.0,5775.0,5600.0,5682.0,6657345574,1173334,213,D,5701.0,2010-04-07
Isf..Oil.Ref..Co.,20100406,5700.0,5788.0,5604.0,5701.0,3088987389,539277,118,D,5688.0,2010-04-06
Isf..Oil.Ref..Co.,20100405,5638.0,5700.0,5535.0,5688.0,2872039950,512168,111,D,5723.0,2010-04-05
Isf..Oil.Ref..Co.,20100404,5900.0,5900.0,5582.0,5723.0,7636781248,1336603,249,D,5762.0,2010-04-04
Isf..Oil.Ref..Co.,20100403,5660.0,5769.0,5660.0,5762.0,13952245908,2421374,313,D,5574.0,2010-04-03
