DTYYYYMMDD,FIRST,HIGH,LOW,CLOSE,VOL,OPEN,Action,Moving_Average,Exponential_Moving_Average,Return_Rate
20150103,2690.0,2748.0,2666.0,2696.0,24614273,2660.0,1.0,0.0,2690.0,0.013533834586466165
20150104,2692.0,2752.0,2690.0,2730.0,5708040,2696.0,1.0,0.0,2690.4,0.012611275964391691
20150105,2700.0,2750.0,2625.0,2670.0,5333646,2730.0,1.0,0.0,2692.32,-0.02197802197802198
20150106,2670.0,2670.0,2570.0,2588.0,14217548,2670.0,1.0,0.0,2687.856,-0.030711610486891385
20150107,2560.0,2623.0,2540.0,2589.0,17130949,2588.0,1.0,0.0,2662.2848000000004,0.0003863987635239567
20150110,2601.0,2613.0,2486.0,2499.0,9888322,2589.0,1.0,0.0,2650.0278400000007,-0.03476245654692932
20150111,2435.0,2522.0,2400.0,2435.0,20358077,2499.0,1.0,2621.1428571428573,2607.0222720000006,-0.025610244097639057
20150112,2500.0,2532.0,2500.0,2526.0,3961029,2435.0,1.0,2594.0,2585.6178176000008,0.03737166324435318
20150113,2627.0,2627.0,2510.0,2601.0,19639862,2526.0,1.0,2584.714285714286,2593.894254080001,0.029691211401425176
20150114,2600.0,2649.0,2572.0,2611.0,7397761,2601.0,1.0,2570.4285714285716,2595.1154032640006,0.0038446751249519417
20150117,2612.0,2715.0,2598.0,2642.0,14547660,2611.0,1.0,2562.1428571428573,2598.4923226112005,0.011872845653006512
20150118,2607.0,2639.0,2537.0,2546.0,9992352,2642.0,1.0,2568.8571428571427,2600.1938580889605,-0.036336109008327025
20150119,2501.0,2530.0,2445.0,2458.0,22381719,2546.0,1.0,2554.5714285714284,2580.3550864711688,-0.03456402199528672
20150120,2520.0,2530.0,2375.0,2429.0,9779995,2458.0,1.0,2566.714285714286,2568.284069176935,-0.011798209926769731
20150121,2399.0,2400.0,2332.0,2339.0,36062655,2429.0,1.0,2552.285714285714,2534.4272553415485,-0.03705228489090161
20150124,2362.0,2389.0,2300.0,2349.0,9505117,2339.0,1.0,2514.4285714285716,2499.941804273239,0.004275331338178709
20150125,2378.0,2442.0,2360.0,2432.0,13406664,2349.0,1.0,2482.714285714286,2475.5534434185915,0.035334184759472115
20150126,2449.0,2454.0,2367.0,2429.0,15724188,2432.0,1.0,2459.4285714285716,2470.2427547348734,-0.0012335526315789473
20150127,2429.0,2490.0,2429.0,2461.0,15279211,2429.0,1.0,2434.0,2461.994203787899,0.013174145738987238
20150128,2495.0,2559.0,2480.0,2531.0,41712125,2461.0,1.0,2433.1428571428573,2468.5953630303193,0.028443722064201545
20150131,2589.0,2632.0,2579.0,2629.0,24045334,2531.0,1.0,2443.0,2492.6762904242555,0.03871987356775978
20150201,2690.0,2695.0,2589.0,2645.0,28036291,2629.0,1.0,2484.5714285714284,2532.141032339405,0.006085964244960061
20150202,2659.0,2730.0,2638.0,2696.0,16721580,2645.0,1.0,2527.0,2557.512825871524,0.019281663516068054
20150203,2724.0,2759.0,2696.0,2725.0,16661212,2696.0,1.0,2576.4285714285716,2590.8102606972193,0.010756676557863502
20150204,2733.0,2820.0,2732.0,2764.0,23924748,2725.0,1.0,2617.0,2619.2482085577753,0.014311926605504587
20150207,2770.0,2820.0,2735.0,2779.0,23350094,2764.0,1.0,2665.714285714286,2649.3985668462205,0.005426917510853835
20150208,2751.0,2779.0,2675.0,2710.0,22121857,2779.0,1.0,2702.285714285714,2669.7188534769766,-0.02482907520690896
20150209,2699.0,2739.0,2602.0,2678.0,26546205,2710.0,1.0,2718.0,2675.5750827815814,-0.011808118081180811
20150210,2624.0,2719.0,2624.0,2688.0,21003468,2678.0,1.0,2708.5714285714284,2665.2600662252653,0.0037341299477221808
20150214,2705.0,2780.0,2703.0,2728.0,7115098,2688.0,1.0,2715.1428571428573,2673.2080529802124,0.01488095238095238
20150215,2730.0,2751.0,2671.0,2736.0,16690926,2728.0,1.0,2716.0,2684.56644238417,0.002932551319648094
20150216,2741.0,2818.0,2741.0,2798.0,24281972,2736.0,1.0,2717.1428571428573,2695.8531539073365,0.02266081871345029
20150217,2798.0,2850.0,2750.0,2798.0,20607750,2798.0,1.0,2721.1428571428573,2716.2825231258694,0.0
20150218,2796.0,2796.0,2687.0,2698.0,18075484,2798.0,1.0,2727.5714285714284,2732.2260185006953,-0.035739814152966405
20150221,2680.0,2730.0,2625.0,2667.0,7163147,2698.0,1.0,2724.8571428571427,2721.7808148005565,-0.011489992587101558
20150222,2622.0,2630.0,2580.0,2595.0,10084058,2667.0,1.0,2724.5714285714284,2701.8246518404453,-0.02699662542182227
20150223,2600.0,2669.0,2580.0,2629.0,8111076,2595.0,1.0,2709.5714285714284,2681.4597214723563,0.013102119460500963
20150224,2680.0,2681.0,2594.0,2637.0,6501084,2629.0,1.0,2702.4285714285716,2681.167777177885,0.0030429821224800305
20150225,2601.0,2641.0,2581.0,2633.0,19886628,2637.0,1.0,2682.4285714285716,2665.134221742308,-0.0015168752370117557
20150228,2577.0,2630.0,2538.0,2567.0,4431642,2633.0,1.0,2650.8571428571427,2647.5073773938466,-0.025066464109380935
20150301,2530.0,2658.0,2530.0,2621.0,20992560,2567.0,1.0,2612.8571428571427,2624.005901915077,0.02103622906116089
20150302,2675.0,2685.0,2590.0,2620.0,43210778,2621.0,1.0,2612.1428571428573,2634.2047215320617,-0.00038153376573826786
20150303,2620.0,2621.0,2578.0,2608.0,39438545,2620.0,1.0,2611.8571428571427,2631.3637772256493,-0.004580152671755725
20150304,2600.0,2650.0,2600.0,2633.0,13667345,2608.0,1.0,2611.8571428571427,2625.0910217805194,0.009585889570552147
20150310,2500.0,2540.0,2480.0,2504.0,18415867,2633.0,1.0,2586.1428571428573,2600.0728174244155,-0.04899354348651728
20150311,2461.0,2555.0,2461.0,2524.0,15403461,2504.0,1.0,2566.1428571428573,2572.2582539395326,0.007987220447284345
20150314,2531.0,2624.0,2531.0,2617.0,25927644,2524.0,1.0,2559.5714285714284,2564.006603151626,0.036846275752773376
20150315,2719.0,2721.0,2680.0,2718.0,26003777,2617.0,1.0,2586.5714285714284,2595.005282521301,0.03859380970576996
20150316,2780.0,2789.0,2664.0,2726.0,12871093,2718.0,1.0,2601.5714285714284,2632.0042260170408,0.0029433406916850625
20150317,2639.0,2726.0,2639.0,2681.0,6781049,2726.0,1.0,2604.285714285714,2633.403380813633,-0.016507703595011004
20150318,2749.0,2788.0,2730.0,2786.0,36055219,2681.0,1.0,2625.5714285714284,2656.5227046509067,0.0391644908616188
20150325,2810.0,2810.0,2766.0,2787.0,3874458,2786.0,1.0,2669.8571428571427,2687.2181637207254,0.0003589375448671931
20150328,2789.0,2898.0,2750.0,2851.0,32881953,2787.0,1.0,2716.714285714286,2707.5745309765807,0.022963760315751706
20150329,2937.0,2965.0,2901.0,2960.0,46738728,2851.0,1.0,2774.714285714286,2753.4596247812647,0.03823219922834093
20150330,2920.0,2980.0,2842.0,2866.0,23756680,2960.0,1.0,2803.4285714285716,2786.7676998250117,-0.03175675675675676
20150331,2790.0,2933.0,2790.0,2883.0,16248109,2866.0,1.0,2804.8571428571427,2787.4141598600095,0.005931612002791347
20150404,2998.0,2998.0,2998.0,2998.0,3541510,2883.0,1.0,2856.1428571428573,2829.5313278880076,0.03988900450919181
20150405,3117.0,3117.0,3117.0,3117.0,61506436,2998.0,1.0,2908.714285714286,2887.025062310406,0.039693128752501666
20150406,3241.0,3241.0,3075.0,3193.0,97121464,3117.0,1.0,2970.285714285714,2957.8200498483247,0.02438241899262111
20150407,3120.0,3180.0,3066.0,3090.0,23171937,3193.0,1.0,3017.5714285714284,2990.25603987866,-0.03225806451612903
20150408,3060.0,3200.0,3030.0,3164.0,37763266,3090.0,1.0,3035.1428571428573,3004.204831902928,0.02394822006472492
20150411,3100.0,3150.0,3038.0,3053.0,45162418,3164.0,1.0,3060.8571428571427,3023.3638655223426,-0.03508217446270544
20150412,3001.0,3030.0,2931.0,2944.0,32268786,3053.0,1.0,3091.0,3018.8910924178745,-0.03570258761873567
20150413,2945.0,3020.0,2851.0,2937.0,30603338,2944.0,1.0,3083.4285714285716,3004.1128739343,-0.002377717391304348
20150414,3001.0,3045.0,2950.0,3001.0,13254374,2937.0,1.0,3066.8571428571427,3003.49029914744,0.021790943139257744
20150415,2960.0,3040.0,2928.0,2991.0,17706378,3001.0,1.0,3026.714285714286,2994.792239317952,-0.003332222592469177
20150418,2950.0,2990.0,2872.0,2891.0,14894166,2991.0,1.0,3002.4285714285716,2985.8337914543617,-0.03343363423604146
20150419,2860.0,2950.0,2860.0,2903.0,8616757,2891.0,1.0,2973.8571428571427,2960.6670331634896,0.0041508128675198895
20150420,2900.0,2900.0,2791.0,2816.0,8121538,2903.0,1.0,2945.285714285714,2948.533626530792,-0.029968997588701342
20150421,2801.0,2878.0,2790.0,2829.0,6308064,2816.0,1.0,2916.714285714286,2919.0269012246335,0.004616477272727273
20150422,2880.0,2928.0,2860.0,2895.0,8756590,2829.0,1.0,2907.4285714285716,2911.221520979707,0.02332979851537646
20150425,2938.0,2970.0,2880.0,2920.0,4701359,2895.0,1.0,2898.4285714285716,2916.5772167837654,0.008635578583765112
20150426,2842.0,2907.0,2840.0,2861.0,5037769,2920.0,1.0,2881.5714285714284,2901.6617734270126,-0.020205479452054795
20150427,2848.0,2848.0,2782.0,2801.0,5234523,2861.0,1.0,2867.0,2890.92941874161,-0.02097168822090178
20150428,2770.0,2851.0,2770.0,2810.0,8342214,2801.0,1.0,2854.1428571428573,2866.743534993288,0.0032131381649410924
20150429,2848.0,2870.0,2801.0,2827.0,3824542,2810.0,1.0,2846.714285714286,2862.99482799463,0.006049822064056939
20150503,2831.0,2849.0,2718.0,2758.0,4509797,2827.0,1.0,2851.0,2856.595862395704,-0.024407499115670323
20150504,2706.0,2741.0,2648.0,2666.0,12882348,2758.0,1.0,2826.1428571428573,2826.4766899165634,-0.03335750543872371
20150505,2667.0,2752.0,2667.0,2712.0,7169262,2666.0,1.0,2787.4285714285716,2794.581351933251,0.0172543135783946
20150506,2701.0,2748.0,2660.0,2709.0,29371861,2712.0,1.0,2767.285714285714,2775.865081546601,-0.0011061946902654867
20150509,2670.0,2700.0,2601.0,2620.0,10927908,2709.0,1.0,2741.8571428571427,2754.6920652372805,-0.032853451458102624
20150510,2560.0,2620.0,2525.0,2560.0,9977891,2620.0,1.0,2711.8571428571427,2715.7536521898246,-0.022900763358778626
20150511,2560.0,2662.0,2560.0,2634.0,8094733,2560.0,1.0,2670.714285714286,2684.60292175186,0.02890625
20150512,2658.0,2715.0,2650.0,2681.0,6399692,2634.0,1.0,2646.0,2679.282337401488,0.017843583902809414
20150513,2673.0,2710.0,2625.0,2657.0,3674210,2681.0,1.0,2641.285714285714,2678.0258699211904,-0.008951883625512868
20150517,2633.0,2640.0,2570.0,2592.0,5039043,2657.0,1.0,2636.4285714285716,2669.0206959369525,-0.024463680843056078
20150518,2593.0,2619.0,2554.0,2580.0,3660763,2592.0,1.0,2621.0,2653.816556749562,-0.004629629629629629
20150519,2560.0,2618.0,2560.0,2599.0,4734147,2580.0,1.0,2605.285714285714,2635.0532453996498,0.007364341085271318
20150520,2590.0,2615.0,2573.0,2589.0,13092505,2599.0,1.0,2609.5714285714284,2626.04259631972,-0.003847633705271258
20150523,2584.0,2617.0,2550.0,2587.0,6604334,2589.0,1.0,2613.0,2617.6340770557763,-0.000772499034376207
20150524,2600.0,2660.0,2560.0,2607.0,9323380,2587.0,1.0,2604.714285714286,2614.1072616446213,0.007730962504831852
20150525,2617.0,2692.0,2617.0,2631.0,2920328,2607.0,1.0,2596.714285714286,2614.685809315697,0.009205983889528193
20150526,2622.0,2652.0,2600.0,2627.0,7241535,2631.0,1.0,2595.1428571428573,2616.1486474525577,-0.0015203344735841885
20150527,2630.0,2640.0,2590.0,2623.0,4078491,2627.0,1.0,2600.4285714285716,2618.918917962046,-0.0015226494099733537
20150530,2610.0,2645.0,2610.0,2626.0,1984142,2623.0,1.0,2607.5714285714284,2617.135134369637,0.001143728555089592
20150531,2630.0,2640.0,2601.0,2618.0,4255464,2626.0,1.0,2613.285714285714,2619.7081074957096,-0.0030464584920030465
20150601,2590.0,2629.0,2580.0,2609.0,3713331,2618.0,1.0,2614.1428571428573,2613.7664859965676,-0.003437738731856379
20150602,2600.0,2639.0,2566.0,2599.0,3106053,2609.0,1.0,2614.1428571428573,2611.0131887972543,-0.0038328861632809506
20150606,2598.0,2600.0,2570.0,2590.0,2023128,2599.0,1.0,2611.4285714285716,2608.4105510378035,-0.0034628703347441324
20150607,2629.0,2629.0,2580.0,2606.0,4187138,2590.0,1.0,2612.4285714285716,2612.528440830243,0.006177606177606178
20150608,2602.0,2619.0,2504.0,2569.0,5009907,2606.0,1.0,2608.4285714285716,2610.422752664195,-0.01419800460475825
20150609,2504.0,2571.0,2460.0,2497.0,7608733,2569.0,1.0,2593.285714285714,2589.138202131356,-0.028026469443363178
20150610,2480.0,2560.0,2478.0,2520.0,3415000,2497.0,1.0,2571.8571428571427,2567.310561705085,0.0092110532639167
20150613,2533.0,2590.0,2527.0,2547.0,2439249,2520.0,1.0,2563.714285714286,2560.448449364068,0.010714285714285714
20150614,2548.0,2590.0,2520.0,2552.0,3047737,2547.0,1.0,2556.285714285714,2557.9587594912546,0.0019630938358853552
20150615,2547.0,2547.0,2479.0,2520.0,2318523,2552.0,1.0,2549.0,2555.7670075930037,-0.012539184952978056
20150616,2518.0,2596.0,2483.0,2535.0,3582198,2520.0,1.0,2533.1428571428573,2548.213606074403,0.005952380952380952
20150617,2563.0,2661.0,2563.0,2651.0,7056833,2535.0,1.0,2527.5714285714284,2551.170884859522,0.04575936883629191
20150620,2749.0,2749.0,2652.0,2702.0,6361915,2651.0,1.0,2562.5714285714284,2590.7367078876177,0.01923802338740098
20150621,2650.0,2731.0,2650.0,2706.0,3880339,2702.0,1.0,2586.8571428571427,2602.589366310094,0.0014803849000740192
20150622,2694.0,2839.0,2681.0,2789.0,6844074,2706.0,1.0,2609.8571428571427,2620.8714930480755,0.03067257945306726
20150623,2849.0,2891.0,2805.0,2856.0,9085134,2789.0,1.0,2652.8571428571427,2666.4971944384606,0.024022947292936535
20150624,2850.0,2880.0,2778.0,2804.0,9693569,2856.0,1.0,2696.1428571428573,2703.1977555507688,-0.018207282913165267
20150627,2778.0,2840.0,2760.0,2784.0,7534854,2804.0,1.0,2733.285714285714,2718.158204440615,-0.007132667617689016
20150628,2740.0,2741.0,2671.0,2706.0,7342096,2784.0,1.0,2758.5714285714284,2722.526563552492,-0.028017241379310345
20150629,2672.0,2758.0,2672.0,2722.0,5739709,2706.0,1.0,2747.5714285714284,2712.4212508419937,0.005912786400591279
20150630,2753.0,2858.0,2753.0,2842.0,18729948,2722.0,1.0,2762.285714285714,2720.537000673595,0.0440852314474651
20150701,2879.0,2906.0,2821.0,2866.0,10565761,2842.0,1.0,2788.714285714286,2752.229600538876,0.00844475721323012
20150704,2969.0,3009.0,2937.0,3001.0,44734910,2866.0,1.0,2805.8571428571427,2795.583680431101,0.0471039776692254
20150705,3030.0,3059.0,2950.0,3005.0,21721616,3001.0,1.0,2831.5714285714284,2842.466944344881,0.0013328890369876708
20150706,3001.0,3041.0,2952.0,3010.0,14549211,3005.0,1.0,2863.4285714285716,2874.1735554759052,0.0016638935108153079
20150707,3010.0,3121.0,3010.0,3061.0,22368093,3010.0,1.0,2902.0,2901.3388443807244,0.016943521594684385
20150711,2999.0,3079.0,2950.0,3044.0,12770994,3061.0,1.0,2948.714285714286,2920.87107550458,-0.00555374060764456
20150712,3061.0,3129.0,3020.0,3073.0,16179368,3044.0,1.0,2992.714285714286,2948.8968604036645,0.009526938239159002
20150713,3115.0,3194.0,3000.0,3076.0,62621208,3073.0,1.0,3026.4285714285716,2982.117488322932,0.0009762447120078099
20150722,2840.0,2840.0,2721.0,2773.0,15232360,3060.0,1.0,3008.0,2953.6939906583457,-0.09379084967320261
20150725,2723.0,2738.0,2635.0,2649.0,14531378,2773.0,1.0,2964.1428571428573,2907.5551925266764,-0.04471691309051569
20150726,2610.0,2769.0,2610.0,2684.0,14882478,2649.0,1.0,2908.285714285714,2848.044154021341,0.01321253303133258
20150727,2710.0,2716.0,2633.0,2666.0,5392465,2684.0,1.0,2865.4285714285716,2820.435323217073,-0.0067064083457526085
20150728,2645.0,2720.0,2645.0,2699.0,4399597,2666.0,1.0,2814.8571428571427,2785.3482585736583,0.012378094523630907
20150729,2769.0,2833.0,2730.0,2821.0,24061326,2699.0,1.0,2773.1428571428573,2782.078606858927,0.04520192663949611
20150801,2860.0,2905.0,2800.0,2860.0,12209997,2821.0,1.0,2736.714285714286,2797.6628854871415,0.013824884792626729
20150802,2790.0,2826.0,2765.0,2791.0,7042815,2860.0,1.0,2729.5714285714284,2796.1303083897133,-0.024125874125874126
20150803,2801.0,2850.0,2792.0,2820.0,5698914,2791.0,1.0,2740.714285714286,2797.1042467117704,0.010390541024722321
20150804,2818.0,2841.0,2731.0,2811.0,8489371,2820.0,1.0,2770.4285714285716,2801.2833973694164,-0.0031914893617021275
20150805,2752.0,2798.0,2723.0,2768.0,7937650,2811.0,1.0,2776.4285714285716,2791.4267178955333,-0.015297047314123088
20150808,2754.0,2756.0,2656.0,2702.0,8341391,2768.0,1.0,2792.0,2783.941374316427,-0.02384393063583815
20150809,2661.0,2720.0,2661.0,2701.0,5871012,2702.0,1.0,2776.5714285714284,2759.353099453142,-0.0003700962250185048
20150810,2702.0,2730.0,2702.0,2714.0,4362257,2701.0,1.0,2754.0,2747.8824795625137,0.004813032210292484
20150812,2698.0,2698.0,2651.0,2695.0,1369202,2714.0,1.0,2740.8571428571427,2737.905983650011,-0.007000736919675755
20150815,2650.0,2660.0,2582.0,2609.0,5978595,2695.0,1.0,2719.285714285714,2720.324786920009,-0.03191094619666048
20150816,2610.0,2666.0,2610.0,2635.0,5477651,2609.0,1.0,2689.5714285714284,2698.259829536007,0.009965504024530471
20150817,2630.0,2640.0,2600.0,2614.0,3376193,2635.0,1.0,2672.1428571428573,2684.6078636288057,-0.007969639468690701
20150818,2590.0,2614.0,2561.0,2579.0,4795902,2614.0,1.0,2648.714285714286,2665.6862909030447,-0.013389441469013007
20150819,2581.0,2610.0,2568.0,2583.0,3441319,2579.0,1.0,2637.285714285714,2648.749032722436,0.0015509887553315238
20150822,2572.0,2625.0,2502.0,2543.0,3807855,2583.0,1.0,2618.714285714286,2633.399226177949,-0.01548586914440573
20150823,2512.0,2531.0,2478.0,2492.0,10770930,2543.0,1.0,2592.1428571428573,2609.1193809423594,-0.02005505308690523
20150824,2485.0,2516.0,2480.0,2500.0,8346357,2492.0,1.0,2568.5714285714284,2584.2955047538876,0.0032102728731942215
20150825,2499.0,2503.0,2375.0,2464.0,13327118,2500.0,1.0,2552.714285714286,2567.2364038031105,-0.0144
20150826,2480.0,2513.0,2420.0,2478.0,3304039,2464.0,1.0,2531.285714285714,2549.7891230424884,0.005681818181818182
20150829,2500.0,2601.0,2500.0,2562.0,10047489,2478.0,1.0,2518.4285714285716,2539.831298433991,0.03389830508474576
20150830,2550.0,2559.0,2501.0,2525.0,6417915,2562.0,1.0,2514.0,2541.8650387471926,-0.01444184231069477
20150831,2499.0,2505.0,2461.0,2502.0,2138084,2525.0,1.0,2503.5714285714284,2533.2920309977544,-0.009108910891089108
20150901,2523.0,2542.0,2491.0,2511.0,4719522,2502.0,1.0,2505.1428571428573,2531.2336247982034,0.0035971223021582736
20150902,2495.0,2512.0,2480.0,2500.0,2530900,2511.0,1.0,2506.5714285714284,2523.9868998385627,-0.004380724810832338
20150905,2505.0,2593.0,2505.0,2545.0,5326703,2500.0,1.0,2507.4285714285716,2520.1895198708503,0.018
20150906,2521.0,2550.0,2487.0,2508.0,5891193,2545.0,1.0,2513.285714285714,2520.3516158966804,-0.014538310412573674
20150907,2480.0,2515.0,2460.0,2493.0,5704310,2508.0,1.0,2510.4285714285716,2512.2812927173445,-0.005980861244019139
20150908,2485.0,2490.0,2451.0,2466.0,4550478,2493.0,1.0,2501.1428571428573,2506.825034173876,-0.010830324909747292
20150909,2463.0,2490.0,2445.0,2461.0,8352030,2466.0,1.0,2496.0,2498.0600273391005,-0.00202757502027575
20150912,2490.0,2514.0,2415.0,2459.0,3605891,2461.0,1.0,2491.285714285714,2496.4480218712806,-0.0008126777732629012
20150913,2416.0,2417.0,2337.0,2345.0,17984678,2459.0,1.0,2480.0,2480.3584174970247,-0.046360309068727124
20150914,2356.0,2390.0,2327.0,2351.0,6357707,2345.0,1.0,2458.714285714286,2455.48673399762,0.00255863539445629
20150915,2325.0,2330.0,2245.0,2275.0,6085395,2351.0,1.0,2430.714285714286,2429.3893871980963,-0.03232666950233943
20150916,2259.0,2318.0,2247.0,2266.0,4911497,2275.0,1.0,2399.1428571428573,2395.3115097584773,-0.003956043956043956
20150919,2267.0,2320.0,2240.0,2271.0,4244987,2266.0,1.0,2368.0,2369.6492078067818,0.002206531332744925
20150920,2238.0,2238.0,2158.0,2167.0,4907041,2271.0,1.0,2335.8571428571427,2343.3193662454255,-0.04579480405107882
20150921,2090.0,2149.0,2059.0,2067.0,17802890,2167.0,1.0,2278.714285714286,2292.6554929963404,-0.046146746654360866
20150922,2110.0,2131.0,2050.0,2109.0,6875265,2067.0,1.0,2235.0,2256.124394397072,0.020319303338171262
20150923,2115.0,2160.0,2106.0,2133.0,7500368,2109.0,1.0,2200.5714285714284,2227.899515517658,0.011379800853485065
20150926,2100.0,2108.0,2036.0,2064.0,5570247,2133.0,1.0,2168.4285714285716,2202.319612414127,-0.03234880450070324
20150927,2038.0,2079.0,1980.0,2036.0,8014602,2064.0,1.0,2136.8571428571427,2169.4556899313015,-0.013565891472868217
20150928,2030.0,2070.0,2025.0,2038.0,3514972,2036.0,1.0,2103.0,2141.5645519450413,0.0009823182711198428
20150929,2052.0,2099.0,2044.0,2058.0,5262404,2038.0,1.0,2076.4285714285716,2123.651641556033,0.009813542688910697
20150930,2057.0,2060.0,2011.0,2038.0,2945035,2058.0,1.0,2071.714285714286,2110.321313244827,-0.009718172983479106
20151003,2019.0,2019.0,1937.0,1956.0,10353955,2038.0,1.0,2058.714285714286,2092.0570505958617,-0.040235525024533855
20151004,1898.0,1925.0,1859.0,1880.0,28140436,1956.0,1.0,2027.7142857142858,2053.2456404766895,-0.03885480572597137
20151005,1902.0,1929.0,1850.0,1882.0,6894619,1880.0,1.0,1999.4285714285713,2022.9965123813517,0.0010638297872340426
20151006,1850.0,1850.0,1788.0,1799.0,12203337,1882.0,1.0,1972.5714285714287,1988.3972099050816,-0.04410201912858661
20151007,1779.0,1821.0,1750.0,1780.0,10728480,1799.0,1.0,1936.7142857142858,1946.5177679240653,-0.010561423012784881
20151010,1749.0,1787.0,1711.0,1735.0,6243183,1780.0,1.0,1893.4285714285713,1907.0142143392522,-0.025280898876404494
20151011,1718.0,1734.0,1662.0,1699.0,11322931,1735.0,1.0,1845.0,1869.211371471402,-0.0207492795389049
20151012,1705.0,1777.0,1705.0,1752.0,6660895,1699.0,1.0,1800.142857142857,1836.3690971771216,0.031194820482636845
20151013,1756.0,1839.0,1731.0,1812.0,8485662,1752.0,1.0,1779.857142857143,1820.2952777416974,0.03424657534246575
20151014,1856.0,1902.0,1856.0,1898.0,11859379,1812.0,1.0,1773.2857142857142,1827.4362221933582,0.04746136865342163
20151017,1950.0,1992.0,1930.0,1970.0,17683848,1898.0,1.0,1787.5714285714287,1851.9489777546867,0.037934668071654375
20151018,2068.0,2068.0,2025.0,2065.0,42745823,1970.0,1.0,1828.857142857143,1895.1591822037494,0.048223350253807105
20151019,2031.0,2120.0,2031.0,2074.0,12134155,2065.0,1.0,1869.142857142857,1922.3273457629996,0.0043583535108958835
20151020,2080.0,2080.0,1971.0,2006.0,10968453,2074.0,1.0,1920.857142857143,1953.8618766103998,-0.03278688524590164
20151021,1965.0,1977.0,1911.0,1929.0,9388610,2006.0,1.0,1958.0,1956.08950128832,-0.03838484546360917
20151028,1815.0,1894.0,1810.0,1845.0,14923969,1929.0,1.0,1966.4285714285713,1927.8716010306562,-0.04354587869362364
20151031,1850.0,1876.0,1830.0,1847.0,51914095,1845.0,1.0,1965.5714285714287,1912.297280824525,0.001084010840108401
20151101,1860.0,1939.0,1842.0,1919.0,8340703,1847.0,1.0,1952.7142857142858,1901.83782465962,0.03898213318895506
20151102,1960.0,2014.0,1943.0,1971.0,133021184,1919.0,1.0,1937.2857142857142,1913.4702597276962,0.02709744658676394
20151103,1944.0,1974.0,1911.0,1950.0,3259707,1971.0,1.0,1924.857142857143,1919.576207782157,-0.0106544901065449
20151104,1912.0,1967.0,1912.0,1964.0,125091697,1950.0,1.0,1900.857142857143,1918.060966225726,0.0071794871794871795
20151107,1972.0,2035.0,1972.0,2018.0,128809116,1964.0,1.0,1901.857142857143,1928.8487729805809,0.0274949083503055
20151108,2010.0,2020.0,1980.0,2018.0,83626479,2018.0,1.0,1929.7142857142858,1945.0790183844647,0.0
20151109,2018.0,2055.0,1995.0,2022.0,8219417,2018.0,1.0,1953.7142857142858,1959.663214707572,0.0019821605550049554
20151110,2065.0,2110.0,2050.0,2075.0,11703224,2022.0,1.0,1983.0,1980.7305717660577,0.026211671612265085
20151111,2090.0,2092.0,2031.0,2048.0,6551140,2075.0,1.0,2001.5714285714287,2002.5844574128462,-0.013012048192771084
20151114,2050.0,2080.0,2015.0,2036.0,7490937,2048.0,1.0,2016.7142857142858,2012.067565930277,-0.005859375
20151115,2000.0,2000.0,1935.0,1952.0,11259882,2036.0,1.0,2029.2857142857142,2009.6540527442216,-0.0412573673870334
20151116,1902.0,2049.0,1902.0,1985.0,25755273,1952.0,1.0,2019.2857142857142,1988.1232421953775,0.016905737704918034
20151117,1970.0,1970.0,1886.0,1897.0,21155109,1985.0,1.0,2013.5714285714287,1984.4985937563022,-0.04433249370277078
20151205,1698.0,1698.0,1614.0,1640.0,19436429,1703.0,1.0,1967.857142857143,1927.1988750050418,-0.0369935408103347
20151206,1631.0,1631.0,1558.0,1581.0,11356758,1640.0,1.0,1905.857142857143,1867.9591000040336,-0.03597560975609756
20151207,1593.0,1627.0,1550.0,1584.0,5956122,1581.0,1.0,1834.857142857143,1812.9672800032272,0.0018975332068311196
20151208,1562.0,1594.0,1550.0,1579.0,4022269,1584.0,1.0,1765.142857142857,1762.773824002582,-0.0031565656565656565
20151209,1590.0,1619.0,1572.0,1604.0,6314188,1579.0,1.0,1706.5714285714287,1728.2190592020656,0.015832805573147563
20151213,1619.0,1633.0,1572.0,1597.0,3698741,1604.0,1.0,1666.142857142857,1706.3752473616526,-0.004364089775561097
20151214,1582.0,1635.0,1580.0,1613.0,4552923,1597.0,1.0,1610.7142857142858,1681.5001978893222,0.010018785222291797
20151215,1632.0,1660.0,1610.0,1632.0,4806748,1613.0,1.0,1601.2857142857142,1671.600158311458,0.011779293242405457
20151216,1678.0,1678.0,1576.0,1615.0,6389591,1632.0,1.0,1608.0,1672.8801266491664,-0.010416666666666666
20151219,1598.0,1598.0,1535.0,1539.0,8293618,1615.0,1.0,1608.7142857142858,1657.9041013193332,-0.047058823529411764
20151220,1530.0,1540.0,1463.0,1477.0,11697625,1539.0,1.0,1604.142857142857,1632.3232810554666,-0.04028589993502274
20151221,1470.0,1525.0,1453.0,1482.0,4464022,1477.0,1.0,1587.0,1599.8586248443735,0.003385240352064997
20151222,1506.0,1525.0,1458.0,1486.0,5034748,1482.0,1.0,1570.857142857143,1581.0868998754988,0.002699055330634278
20151223,1519.0,1520.0,1496.0,1504.0,6070203,1486.0,1.0,1561.857142857143,1568.669519900399,0.012113055181695828
20151226,1504.0,1520.0,1501.0,1507.0,5856781,1504.0,1.0,1543.5714285714287,1555.7356159203193,0.0019946808510638296
20151227,1496.0,1579.0,1490.0,1551.0,7724806,1507.0,1.0,1517.5714285714287,1543.7884927362556,0.029197080291970802
20151228,1575.0,1575.0,1500.0,1531.0,8462671,1551.0,1.0,1514.2857142857142,1550.0307941890046,-0.012894906511927788
20151230,1539.0,1580.0,1513.0,1562.0,8081181,1531.0,1.0,1515.5714285714287,1547.8246353512038,0.020248203788373612
20160102,1571.0,1589.0,1544.0,1562.0,3142317,1562.0,1.0,1530.0,1552.4597082809632,0.0
20160103,1554.0,1578.0,1523.0,1558.0,2816879,1562.0,1.0,1536.857142857143,1552.7677666247707,-0.002560819462227913
20160104,1550.0,1578.0,1540.0,1568.0,34169856,1558.0,1.0,1541.2857142857142,1552.2142132998167,0.006418485237483954
20160105,1541.0,1646.0,1541.0,1623.0,5981162,1568.0,1.0,1546.5714285714287,1549.9713706398536,0.035076530612244895
20160106,1700.0,1704.0,1660.0,1701.0,18070306,1623.0,1.0,1575.7142857142858,1579.977096511883,0.04805914972273567
20160109,1748.0,1749.0,1668.0,1707.0,11730403,1701.0,1.0,1600.4285714285713,1613.5816772095063,0.003527336860670194
20160110,1687.0,1760.0,1633.0,1706.0,8398748,1707.0,1.0,1621.5714285714287,1628.2653417676052,-0.0005858230814294083
20160111,1706.0,1791.0,1706.0,1789.0,19417710,1706.0,1.0,1640.857142857143,1643.8122734140843,0.04865181711606096
20160112,1830.0,1870.0,1800.0,1838.0,26405862,1789.0,1.0,1680.2857142857142,1681.0498187312676,0.02738960313024036
20160113,1835.0,1891.0,1801.0,1866.0,20164115,1838.0,1.0,1721.0,1711.8398549850142,0.015233949945593036
20160116,1940.0,1959.0,1902.0,1957.0,23198425,1866.0,1.0,1778.0,1757.4718839880115,0.04876741693461951
20160117,2054.0,2054.0,1860.0,1964.0,36161755,1957.0,1.0,1828.5714285714287,1816.7775071904093,0.0035769034236075624
20160118,1899.0,2029.0,1866.0,1928.0,39481495,1964.0,1.0,1850.142857142857,1833.2220057523275,-0.018329938900203666
20160119,2022.0,2024.0,1982.0,2022.0,12797558,1928.0,1.0,1898.0,1870.9776046018621,0.0487551867219917
20160120,2110.0,2123.0,2070.0,2115.0,57754935,2022.0,1.0,1955.7142857142858,1918.78208368149,0.04599406528189911
20160123,2143.0,2220.0,2061.0,2165.0,56801514,2115.0,1.0,2000.4285714285713,1963.6256669451918,0.02364066193853428
20160124,2220.0,2273.0,2190.0,2261.0,46996199,2165.0,1.0,2055.4285714285716,2014.9005335561535,0.04434180138568129
20160125,2280.0,2374.0,2241.0,2343.0,52555472,2261.0,1.0,2104.0,2067.920426844923,0.0362671384343211
20160126,2440.0,2460.0,2420.0,2452.0,47937523,2343.0,1.0,2159.1428571428573,2142.3363414759388,0.046521553563807085
20160127,2574.0,2574.0,2400.0,2519.0,112422927,2452.0,1.0,2255.5714285714284,2228.669073180751,0.02732463295269168
20160130,2470.0,2568.0,2394.0,2440.0,76254295,2519.0,1.0,2319.5714285714284,2276.9352585446013,-0.03136165144898769
20160131,2351.0,2380.0,2318.0,2336.0,56592662,2440.0,1.0,2354.0,2291.7482068356812,-0.04262295081967213
20160201,2397.0,2452.0,2371.0,2440.0,59063678,2336.0,1.0,2390.285714285714,2312.798565468545,0.04452054794520548
20160202,2490.0,2530.0,2323.0,2420.0,39759380,2440.0,1.0,2428.8571428571427,2348.238852374836,-0.00819672131147541
20160203,2372.0,2479.0,2302.0,2430.0,42830749,2420.0,1.0,2442.0,2352.9910818998687,0.004132231404958678
20160206,2495.0,2551.0,2471.0,2543.0,40446256,2430.0,1.0,2449.8571428571427,2381.392865519895,0.046502057613168724
20160207,2670.0,2670.0,2670.0,2670.0,7161289,2543.0,1.0,2463.5714285714284,2439.114292415916,0.049941014549744395
20160208,2803.0,2803.0,2803.0,2698.0,861627,2670.0,1.0,2511.1428571428573,2511.891433932733,0.010486891385767791
20160210,2832.0,2832.0,2832.0,2832.0,27019273,2698.0,1.0,2579.8571428571427,2575.9131471461865,0.04966641957005189
20160213,2955.0,2973.0,2831.0,2934.0,225671310,2832.0,1.0,2659.5714285714284,2651.730517716949,0.036016949152542374
20160214,2930.0,3079.0,2882.0,2969.0,75884227,2934.0,1.0,2722.4285714285716,2707.3844141735594,0.011929107021131561
20160215,3000.0,3117.0,2989.0,3111.0,148860968,2969.0,1.0,2812.1428571428573,2765.9075313388475,0.04782755136409565
20160216,3240.0,3266.0,3120.0,3244.0,130161896,3111.0,1.0,2918.5714285714284,2860.7260250710783,0.042751526840244296
20160217,3350.0,3406.0,3312.0,3399.0,43955205,3244.0,1.0,3015.714285714286,2958.5808200568626,0.04778051787916153
20160220,3389.0,3400.0,3230.0,3260.0,116368906,3399.0,1.0,3099.4285714285716,3044.6646560454906,-0.04089438070020594
20160221,3155.0,3230.0,3097.0,3114.0,105739299,3260.0,1.0,3145.5714285714284,3066.7317248363925,-0.04478527607361963
20160222,3269.0,3269.0,3220.0,3269.0,95668296,3114.0,1.0,3190.4285714285716,3107.185379869114,0.04977520873474631
20160223,3432.0,3432.0,3252.0,3376.0,185997164,3269.0,1.0,3262.1428571428573,3172.1483038952915,0.03273172223921689
20160224,3260.0,3499.0,3250.0,3410.0,103682720,3376.0,1.0,3299.285714285714,3189.7186431162336,0.010071090047393365
20160227,3544.0,3580.0,3500.0,3562.0,129317516,3410.0,1.0,3342.714285714286,3260.5749144929873,0.04457478005865103
20160228,3590.0,3598.0,3384.0,3430.0,74695267,3562.0,1.0,3377.0,3326.45993159439,-0.03705783267827063
20160229,3450.0,3540.0,3331.0,3445.0,75097402,3430.0,1.0,3385.714285714286,3351.1679452755125,0.004373177842565598
20160301,3520.0,3615.0,3505.0,3565.0,83949736,3445.0,1.0,3437.8571428571427,3384.9343562204103,0.03483309143686502
20160302,3620.0,3680.0,3420.0,3600.0,113950118,3565.0,1.0,3488.0,3431.9474849763283,0.009817671809256662
20160305,3700.0,3780.0,3681.0,3767.0,44289988,3600.0,1.0,3526.285714285714,3485.557987981063,0.04638888888888889
20160306,3955.0,3955.0,3955.0,3955.0,30904439,3767.0,1.0,3625.5714285714284,3579.4463903848505,0.04990708786833024
20160307,4152.0,4152.0,3993.0,4125.0,236128463,3955.0,1.0,3712.4285714285716,3693.957112307881,0.04298356510745891
20160308,4050.0,4236.0,4001.0,4141.0,103690869,4125.0,1.0,3778.1428571428573,3765.1656898463048,0.0038787878787878787
20160314,4348.0,4348.0,4348.0,4348.0,93751023,4141.0,1.0,3906.4285714285716,3881.732551877044,0.04998792562183048
20160315,4565.0,4565.0,4470.0,4558.0,250040294,4348.0,1.0,4055.714285714286,4018.386041501635,0.04829806807727691
20160316,4638.0,4784.0,4351.0,4644.0,167126567,4558.0,1.0,4201.142857142857,4142.3088332013085,0.018867924528301886
20160326,4580.0,4630.0,4412.0,4455.0,35567119,4644.0,1.0,4326.857142857143,4229.8470665610475,-0.040697674418604654
20160327,4300.0,4490.0,4233.0,4280.0,41231912,4455.0,1.0,4376.142857142857,4243.877653248838,-0.03928170594837262
20160328,4066.0,4149.0,4066.0,4068.0,16776728,4280.0,1.0,4363.857142857143,4208.302122599071,-0.04953271028037383
20160329,3865.0,4271.0,3865.0,4033.0,144905516,4068.0,1.0,4337.428571428572,4139.6416980792565,-0.008603736479842675
20160330,4234.0,4234.0,4234.0,4234.0,34215165,4033.0,1.0,4321.142857142857,4158.513358463405,0.04983882965534342
20160402,4280.0,4389.0,4051.0,4218.0,90761525,4234.0,1.0,4280.428571428572,4182.810686770725,-0.003778932451582428
20160403,4222.0,4291.0,4008.0,4085.0,88901659,4218.0,1.0,4221.0,4190.64854941658,-0.03153153153153153
20160404,4170.0,4262.0,4060.0,4165.0,91652574,4085.0,1.0,4162.428571428572,4186.518839533264,0.019583843329253364
20160405,4230.0,4373.0,4212.0,4326.0,79439555,4165.0,1.0,4152.428571428572,4195.2150716266115,0.03865546218487395
20160406,4420.0,4532.0,4200.0,4371.0,71694247,4326.0,1.0,4203.0,4240.17205730129,0.010402219140083218
20160409,4470.0,4575.0,4396.0,4501.0,64055867,4371.0,1.0,4289.428571428572,4286.137645841032,0.029741477922672156
20160410,4395.0,4453.0,4276.0,4321.0,85507940,4501.0,1.0,4312.428571428572,4307.910116672826,-0.03999111308598089
20160411,4182.0,4350.0,4122.0,4228.0,47699941,4321.0,1.0,4298.428571428572,4282.728093338261,-0.02152279564915529
20160412,4210.0,4270.0,4017.0,4058.0,63510213,4228.0,1.0,4296.714285714285,4268.182474670609,-0.0402081362346263
20160413,3950.0,4050.0,3856.0,3875.0,94372709,4058.0,1.0,4265.285714285715,4204.545979736487,-0.045096106456382457
20160416,3761.0,3849.0,3682.0,3716.0,14273578,3875.0,1.0,4198.285714285715,4115.83678378919,-0.04103225806451613
20160417,3531.0,3599.0,3531.0,3536.0,110242780,3716.0,1.0,4071.285714285714,3998.8694270313526,-0.04843918191603875
20160418,3530.0,3694.0,3530.0,3604.0,55192429,3536.0,1.0,3937.0,3905.095541625082,0.019230769230769232
20160419,3638.0,3638.0,3424.0,3448.0,37077490,3604.0,1.0,3828.8571428571427,3851.676433300066,-0.04328523862375139
20160420,3352.0,3420.0,3276.0,3293.0,23121671,3448.0,1.0,3710.285714285714,3751.741146640053,-0.04495359628770302
20160423,3181.0,3400.0,3150.0,3251.0,73305214,3293.0,1.0,3563.285714285714,3637.592917312043,-0.012754327361068934
20160424,3270.0,3413.0,3270.0,3386.0,24104338,3251.0,1.0,3466.1428571428573,3564.0743338496345,0.04152568440479852
20160425,3519.0,3550.0,3301.0,3431.0,79271879,3386.0,1.0,3431.5714285714284,3555.059467079708,0.013290017720023627
20160426,3390.0,3480.0,3303.0,3410.0,58720349,3431.0,1.0,3411.4285714285716,3522.047573663767,-0.0061206645292917515
20160427,3480.0,3580.0,3451.0,3571.0,39265089,3410.0,1.0,3404.285714285714,3513.638058931014,0.04721407624633431
20160430,3749.0,3749.0,3623.0,3744.0,198969462,3571.0,-1.0,3420.1428571428573,3560.7104471448115,0.048445813497619714
20160501,3770.0,3928.0,3682.0,3818.0,98104683,3744.0,-1.0,3479.8571428571427,3602.5683577158493,0.019764957264957264
20160502,3701.0,3990.0,3640.0,3884.0,125749386,3818.0,-1.0,3554.1428571428573,3622.2546861726796,0.017286537454164485
20160503,3959.0,4050.0,3866.0,3933.0,85366358,3884.0,-1.0,3652.5714285714284,3689.6037489381442,0.012615859938208032
20160504,3881.0,4129.0,3881.0,4051.0,120192869,3933.0,-1.0,3704.285714285714,3727.8829991505154,0.030002542588354945
20160507,4052.0,4090.0,3849.0,3909.0,41111345,4051.0,-1.0,3798.8571428571427,3792.7063993204124,-0.035053073315230804
20160508,3714.0,3880.0,3714.0,3735.0,125161976,3909.0,-1.0,3832.285714285714,3776.9651194563303,-0.044512663085188024
20160509,3750.0,3780.0,3549.0,3613.0,42082060,3735.0,-1.0,3832.4285714285716,3771.5720955650645,-0.03266398929049531
20160510,3433.0,3540.0,3433.0,3445.0,47609987,3613.0,1.0,3784.285714285714,3703.8576764520517,-0.046498754497647385
20160511,3430.0,3430.0,3273.0,3285.0,122770703,3445.0,-1.0,3745.5714285714284,3649.0861411616415,-0.04644412191582003
20160514,3301.0,3449.0,3301.0,3426.0,15892844,3285.0,1.0,3651.5714285714284,3579.468912929314,0.042922374429223746
20160515,3564.0,3597.0,3405.0,3554.0,84597507,3426.0,1.0,3606.285714285714,3576.3751303434515,0.037361354349095155
20160516,3598.0,3666.0,3489.0,3577.0,23971787,3554.0,-1.0,3541.4285714285716,3580.700104274761,0.006471581316826111
20160517,3500.0,3598.0,3431.0,3479.0,26492769,3577.0,-1.0,3510.8571428571427,3564.560083419809,-0.0273972602739726
20160518,3421.0,3566.0,3371.0,3490.0,30712673,3479.0,-1.0,3463.8571428571427,3535.848066735847,0.0031618281115263006
20160521,3588.0,3660.0,3550.0,3612.0,17507675,3490.0,-1.0,3486.0,3546.278453388678,0.03495702005730659
20160523,3650.0,3792.0,3634.0,3755.0,37558959,3612.0,-1.0,3517.4285714285716,3567.0227627109425,0.039590254706533774
20160524,3749.0,3799.0,3581.0,3651.0,29662023,3755.0,-1.0,3581.4285714285716,3603.4182101687543,-0.027696404793608524
20160525,3590.0,3699.0,3541.0,3642.0,21502625,3651.0,-1.0,3585.1428571428573,3600.7345681350034,-0.0024650780608052587
20160528,3644.0,3733.0,3570.0,3635.0,10813078,3642.0,-1.0,3591.714285714286,3609.387654508003,-0.0019220208676551346
20160529,3630.0,3719.0,3521.0,3594.0,11295502,3635.0,1.0,3610.285714285714,3613.5101236064024,-0.011279229711141679
20160530,3594.0,3670.0,3571.0,3614.0,18912957,3594.0,-1.0,3635.0,3609.608098885122,0.005564830272676683
20160531,3619.0,3620.0,3440.0,3491.0,12099698,3614.0,-1.0,3639.4285714285716,3611.486479108098,-0.03403431101272828
20160601,3460.0,3659.0,3450.0,3576.0,33751846,3491.0,1.0,3612.285714285714,3581.1891832864785,0.024348324262389
20160605,3669.0,3754.0,3615.0,3736.0,36948587,3576.0,-1.0,3600.8571428571427,3598.751346629183,0.0447427293064877
20160606,3750.0,3789.0,3626.0,3685.0,16267566,3736.0,-1.0,3623.714285714286,3629.0010773033464,-0.013650963597430408
20160607,3622.0,3680.0,3571.0,3615.0,8453433,3685.0,-1.0,3620.5714285714284,3627.600861842677,-0.018995929443690638
20160608,3581.0,3670.0,3560.0,3608.0,11191309,3615.0,-1.0,3613.5714285714284,3618.2806894741416,-0.0019363762102351315
20160611,3521.0,3639.0,3428.0,3443.0,20131930,3608.0,-1.0,3603.1428571428573,3598.8245515793133,-0.04573170731707317
20160612,3450.0,3489.0,3289.0,3395.0,14908385,3443.0,1.0,3579.0,3569.059641263451,-0.013941330235259947
20160613,3386.0,3460.0,3271.0,3362.0,17315593,3395.0,1.0,3568.4285714285716,3532.4477130107607,-0.009720176730486009
20160614,3300.0,3333.0,3194.0,3212.0,38574973,3362.0,1.0,3515.714285714286,3485.9581704086086,-0.044616299821534804
20160615,3200.0,3370.0,3150.0,3288.0,23956799,3212.0,1.0,3437.1428571428573,3428.766536326887,0.023661270236612703
20160618,3398.0,3400.0,3220.0,3330.0,36747812,3288.0,-1.0,3405.1428571428573,3422.6132290615096,0.012773722627737226
20160619,3280.0,3288.0,3164.0,3183.0,22613098,3330.0,-1.0,3362.1428571428573,3394.090583249208,-0.044144144144144144
20160620,3189.0,3260.0,3052.0,3177.0,32080031,3183.0,-1.0,3314.714285714286,3353.0724665993666,-0.001885014137606032
20160621,3150.0,3329.0,3090.0,3233.0,24323534,3177.0,1.0,3271.8571428571427,3312.4579732794937,0.01762669184765502
20160622,3351.0,3394.0,3301.0,3381.0,16059964,3233.0,-1.0,3266.8571428571427,3320.166378623595,0.045777915248994744
20160625,3420.0,3490.0,3265.0,3355.0,17031887,3381.0,-1.0,3284.0,3340.133102898876,-0.007690032534753032
20160626,3270.0,3500.0,3260.0,3428.0,24018117,3355.0,-1.0,3294.0,3326.106482319101,0.021758569299552905
20160628,3495.0,3599.0,3490.0,3589.0,61586532,3428.0,-1.0,3307.8571428571427,3359.8851858552807,0.04696616102683781
20160629,3560.0,3667.0,3451.0,3545.0,47163568,3589.0,-1.0,3347.8571428571427,3399.9081486842247,-0.012259682362775146
20160702,3552.0,3581.0,3455.0,3510.0,36357593,3545.0,-1.0,3399.714285714286,3430.32651894738,-0.009873060648801129
20160703,3500.0,3579.0,3436.0,3510.0,28943472,3510.0,-1.0,3449.714285714286,3444.261215157904,0.0
20160704,3470.0,3478.0,3335.0,3358.0,30906101,3510.0,-1.0,3466.714285714286,3449.4089721263235,-0.043304843304843306
20160705,3300.0,3422.0,3300.0,3365.0,14933853,3358.0,-1.0,3449.5714285714284,3419.527177701059,0.002084574151280524
20160709,3270.0,3320.0,3197.0,3214.0,32911784,3365.0,-1.0,3449.5714285714284,3389.621742160847,-0.04487369985141159
20160710,3155.0,3259.0,3122.0,3166.0,24702194,3214.0,1.0,3401.0,3342.697393728678,-0.014934660858743
20160711,3166.0,3175.0,3052.0,3104.0,28496244,3166.0,-1.0,3344.714285714286,3307.357914982943,-0.01958307012002527
20160717,3162.0,3210.0,3090.0,3135.0,21272115,3104.0,-1.0,3289.0,3278.2863319863545,0.009987113402061855
20160718,3100.0,3130.0,3051.0,3092.0,19221734,3135.0,-1.0,3231.8571428571427,3242.629065589084,-0.013716108452950558
20160719,3073.0,3233.0,3073.0,3176.0,24605339,3092.0,-1.0,3175.1428571428573,3208.703252471267,0.027166882276843468
20160725,3348.0,3444.0,3250.0,3334.0,28171138,3171.0,-1.0,3182.0,3236.562601977014,0.05140334279407127
20160726,3270.0,3340.0,3212.0,3249.0,13881295,3334.0,1.0,3182.0,3243.250081581611,-0.02549490101979604
20160727,3170.0,3275.0,3150.0,3219.0,28421747,3249.0,1.0,3184.1428571428573,3228.6000652652892,-0.009233610341643583
20160731,3192.0,3348.0,3192.0,3277.0,20256958,3219.0,-1.0,3187.8571428571427,3221.2800522122316,0.018018018018018018
20160801,3240.0,3270.0,3152.0,3190.0,10361483,3277.0,-1.0,3199.0,3225.0240417697855,-0.02654867256637168
20160802,3180.0,3255.0,3125.0,3190.0,15319181,3190.0,1.0,3210.4285714285716,3216.0192334158287,0.0
20160803,3300.0,3349.0,3260.0,3332.0,53198625,3190.0,-1.0,3242.8571428571427,3232.8153867326632,0.0445141065830721
20160806,3340.0,3380.0,3250.0,3297.0,21462469,3332.0,-1.0,3241.714285714286,3254.252309386131,-0.01050420168067227
20160807,3270.0,3390.0,3230.0,3317.0,21295644,3297.0,-1.0,3241.714285714286,3257.401847508905,0.006066120715802244
20160808,3300.0,3349.0,3251.0,3298.0,15506315,3317.0,-1.0,3260.285714285714,3265.9214780071243,-0.005728067530901417
20160809,3260.0,3280.0,3169.0,3208.0,16857641,3298.0,-1.0,3270.0,3264.7371824056995,-0.0272892662219527
20160810,3250.0,3270.0,3169.0,3203.0,16138306,3208.0,-1.0,3271.4285714285716,3261.7897459245596,-0.0015586034912718205
20160813,3199.0,3262.0,3171.0,3229.0,14942656,3203.0,-1.0,3274.1428571428573,3249.231796739648,0.008117389946924758
20160814,3249.0,3297.0,3170.0,3214.0,14441843,3229.0,-1.0,3266.8571428571427,3249.1854373917186,-0.004645401052957572
20160815,3175.0,3200.0,3156.0,3174.0,11653874,3214.0,-1.0,3243.285714285714,3234.348349913375,-0.012445550715619166
20160816,3170.0,3200.0,3145.0,3158.0,9406838,3174.0,1.0,3229.0,3221.4786799307003,-0.005040957781978576
20160817,3170.0,3199.0,3145.0,3157.0,10210168,3158.0,-1.0,3210.4285714285716,3211.1829439445605,-0.00031665611146295124
20160820,3190.0,3196.0,3125.0,3145.0,14700306,3157.0,-1.0,3200.4285714285716,3206.9463551556487,-0.003801076971808679
20160821,3121.0,3170.0,3120.0,3147.0,15238372,3145.0,-1.0,3182.0,3189.7570841245188,0.0006359300476947536
20160822,3150.0,3302.0,3150.0,3259.0,37232355,3147.0,-1.0,3175.0,3181.8056672996154,0.03558945027009851
20160823,3267.0,3280.0,3217.0,3240.0,13095816,3259.0,-1.0,3177.5714285714284,3198.8445338396928,-0.005830009205277692
20160824,3238.0,3279.0,3201.0,3244.0,11909598,3240.0,1.0,3186.5714285714284,3206.675627071754,0.0012345679012345679
